"post_id","date","title","status","asset_status","original_url","archive_url"
"74","2011-12-05","Mozilla瞄準行動設備市場","ok","skipped","https://blog.mozilla.com.tw/?p=74","https://web.archive.org/web/20190919111521/https://blog.mozilla.com.tw/?p=74"
"79","2011-12-21","最新Firefox 9釋出 主攻飆速上","ok","skipped","https://blog.mozilla.com.tw/?p=79","https://web.archive.org/web/20190919110834/https://blog.mozilla.com.tw/posts/79/%e6%9c%80%e6%96%b0firefox-9%e9%87%8b%e5%87%ba-%e4%b8%bb%e6%94%bb%e9%a3%86%e9%80%9f%e4%b8%8a"
"89","2011-12-11","Firefox 新增超強開發工具","ok","skipped","https://blog.mozilla.com.tw/?p=89","https://web.archive.org/web/20190919111435/https://blog.mozilla.com.tw/?p=89"
"93","2011-12-21","全新 Firefox for Android","ok","skipped","https://blog.mozilla.com.tw/?p=93","https://web.archive.org/web/20190919110834/https://blog.mozilla.com.tw/posts/93/%e5%85%a8%e6%96%b0-firefox-for-android"
"98","2012-01-12","Firefox ESR 企業版計劃啟動","ok","skipped","https://blog.mozilla.com.tw/?p=98","https://web.archive.org/web/20190919110834/https://blog.mozilla.com.tw/posts/98/firefox-esr%e4%bc%81%e6%a5%ad%e7%89%88%e8%a8%88%e5%8a%83%e5%95%9f%e5%8b%95"
"100","2011-12-27","Mozilla Firefox Flicks 短片召集令","ok","skipped","https://blog.mozilla.com.tw/?p=100","https://web.archive.org/web/20191019120719/https://blog.mozilla.com.tw/?p=100"
"103","2011-12-21","Mozilla 與Google簽訂合作協議","ok","skipped","https://blog.mozilla.com.tw/?p=103","https://web.archive.org/web/20160810063207/https://blog.mozilla.com.tw/posts/103/mozilla-%e8%88%87google%e7%b0%bd%e8%a8%82%e5%90%88%e4%bd%9c%e5%8d%94%e8%ad%b0"
"107","2012-01-20","Mozilla 反對 SOPA「終止網路盜版法案」","ok","skipped","https://blog.mozilla.com.tw/?p=107","https://web.archive.org/web/20180128172304/https://blog.mozilla.com.tw/posts/107/mozilla%e5%8f%8d%e5%b0%8dsopa%e3%80%8c%e7%b5%82%e6%ad%a2%e7%b6%b2%e8%b7%af%e7%9b%9c%e7%89%88%e6%b3%95%e6%a1%88%e3%80%8d"
"143","2012-02-23","Mozilla將於世界行動通訊大會(Mobile World Congress/MWC) 發表最新Mozilla Marketplace","ok","skipped","https://blog.mozilla.com.tw/?p=143","https://web.archive.org/web/20191019115025/https://blog.mozilla.com.tw/?p=143"
"145","2012-02-27","Mozilla 踏足移動市場 – 讓網路成為最大平台 於世界行動通訊大會(MWC)宣佈首款網路手機合作夥伴","ok","skipped","https://blog.mozilla.com.tw/?p=145","https://web.archive.org/web/20190919110834/https://blog.mozilla.com.tw/posts/145/mozilla%e8%b8%8f%e8%b6%b3%e7%a7%bb%e5%8b%95%e5%b8%82%e5%a0%b4-%e8%ae%93%e7%b6%b2%e8%b7%af%e6%88%90%e7%82%ba%e6%9c%80%e5%a4%a7%e5%b9%b3%e5%8f%b0-%e6%96%bc%e4%b8%96%e7%95%8c%e8%a1%8c%e5%8b%95"
"148","2012-03-05","Mozilla 2012 產品規劃","ok","skipped","https://blog.mozilla.com.tw/?p=148","https://web.archive.org/web/20160805184336/https://blog.mozilla.com.tw/posts/148/mozilla-2012-%e7%94%a2%e5%93%81%e8%a6%8f%e5%8a%83"
"152","2012-02-07","Mitchell Baker：捍衛你的雲端資料主權","ok","skipped","https://blog.mozilla.com.tw/?p=152","https://web.archive.org/web/20191019120054/https://blog.mozilla.com.tw/?p=152"
"155","2012-02-04","Firefox Beta 新增開發者工具及附加元件同步功能","ok","skipped","https://blog.mozilla.com.tw/?p=155","https://web.archive.org/web/20150924174732/https://blog.mozilla.com.tw/posts/155/firefox-beta-%e6%96%b0%e5%a2%9e%e9%96%8b%e7%99%bc%e8%80%85%e5%b7%a5%e5%85%b7%e5%8f%8a%e9%99%84%e5%8a%a0%e5%85%83%e4%bb%b6%e5%90%8c%e6%ad%a5%e5%8a%9f%e8%83%bd"
"157","2012-01-11","Mozilla 將提供 Firefox 延長支援版","ok","skipped","https://blog.mozilla.com.tw/?p=157","https://web.archive.org/web/20201231235959/https://blog.mozilla.com.tw/posts/157/mozilla-%e5%b0%87%e6%8f%90%e4%be%9b-firefox-%e5%bb%b6%e9%95%b7%e6%94%af%e6%8f%b4%e7%89%88"
"160","2012-02-23","為您介紹：Mozilla Persona","ok","skipped","https://blog.mozilla.com.tw/?p=160","https://web.archive.org/web/20180321204042/https://blog.mozilla.com.tw/posts/160/%e7%82%ba%e6%82%a8%e4%bb%8b%e7%b4%b9%ef%bc%9amozilla-persona"
"172","2012-02-24","開發套件更輕鬆：Add-on Builder 正式登場","ok","partial_assets_failed","https://blog.mozilla.com.tw/?p=172","https://web.archive.org/web/20160818030950/https://blog.mozilla.com.tw/posts/172/%e9%96%8b%e7%99%bc%e5%a5%97%e4%bb%b6%e6%9b%b4%e8%bc%95%e9%ac%86%ef%bc%9aadd-on-builder-%e6%ad%a3%e5%bc%8f%e7%99%bb%e5%a0%b4"
"176","2012-03-12","Firefox Flicks 全球影片募集活動 評審名單揭曉","ok","skipped","https://blog.mozilla.com.tw/?p=176","https://web.archive.org/web/20191019115518/https://blog.mozilla.com.tw/?p=176"
"186","2012-03-14","Firefox 新增開發者工具和附加元件同步功能","ok","partial_assets_failed","https://blog.mozilla.com.tw/?p=186","https://web.archive.org/web/20160730210102/https://blog.mozilla.com.tw/posts/186/firefox-%e6%96%b0%e5%a2%9e%e9%96%8b%e7%99%bc%e8%80%85%e5%b7%a5%e5%85%b7%e5%92%8c%e9%99%84%e5%8a%a0%e5%85%83%e4%bb%b6%e5%90%8c%e6%ad%a5%e5%8a%9f%e8%83%bd"
"228","2012-03-20","新版 Firefox Aurora 登場","ok","skipped","https://blog.mozilla.com.tw/?p=228","https://web.archive.org/web/20160730124914/https://blog.mozilla.com.tw/posts/228/%e6%96%b0%e7%89%88-firefox-aurora-%e7%99%bb%e5%a0%b4"
"246","2012-03-23","Mozilla Taiwan美商謀智宣佈2012深耕台灣軟體界","ok","skipped","https://blog.mozilla.com.tw/?p=246","https://web.archive.org/web/20190919102157/https://blog.mozilla.com.tw/posts/246/mozilla-taiwan%e7%be%8e%e5%95%86%e8%ac%80%e6%99%ba%e5%ae%a3%e4%bd%882012%e6%b7%b1%e8%80%95%e5%8f%b0%e7%81%a3%e8%bb%9f%e9%ab%94%e7%95%8c"
"247","2012-03-23","【0322美商謀智新聞圖片】09 各界共襄盛舉，祝福Mozilla Taiwan 生日快樂","ok","partial_assets_failed","https://blog.mozilla.com.tw/?p=247","https://web.archive.org/web/20201231235959/https://blog.mozilla.com.tw/?p=247"
"265","2012-03-27","Mozilla 即將停止支援Firefox 3.6及Windows 2000","ok","skipped","https://blog.mozilla.com.tw/?p=265","https://web.archive.org/web/20190919102157/https://blog.mozilla.com.tw/posts/265/mozilla-%e5%8d%b3%e5%b0%87%e5%81%9c%e6%ad%a2%e6%94%af%e6%8f%b4firefox-3-6%e5%8f%8awindows-2000"
"272","2012-03-27","Mozilla Space","ok","skipped","https://blog.mozilla.com.tw/?p=272","https://web.archive.org/web/20201231235959/https://blog.mozilla.com.tw/locations/mozilla-space"
"277","2012-03-30","Mozilla 基金會執行長Mitchell Baker部落格分享: 網路視頻(H.264格式)與 Mozilla 精神","ok","skipped","https://blog.mozilla.com.tw/?p=277","https://web.archive.org/web/20150925034554/https://blog.mozilla.com.tw/posts/277/mozilla-%e5%9f%ba%e9%87%91%e6%9c%83%e5%9f%b7%e8%a1%8c%e9%95%b7mitchell-baker%e9%83%a8%e8%90%bd%e6%a0%bc%e5%88%86%e4%ba%ab-%e7%b6%b2%e8%b7%af%e8%a6%96%e9%a0%bbh-264%e6%a0%bc%e5%bc%8f%e8%88%87-mozill"
"286","2012-04-10","Mozilla捍衛網路隱私之『Collusion』附加元件，網站追蹤無所遁形！","ok","skipped","https://blog.mozilla.com.tw/?p=286","https://web.archive.org/web/20191019115725/https://blog.mozilla.com.tw/posts/286/mozilla%e6%8d%8d%e8%a1%9b%e7%b6%b2%e8%b7%af%e9%9a%b1%e7%a7%81%e4%b9%8b%e3%80%8ecollusion%e3%80%8f%e9%99%84%e5%8a%a0%e6%96%87%e4%bb%b6%ef%bc%8c%e7%b6%b2%e7%ab%99%e8%bf%bd%e8%b9%a4%e7%84%a1%e6%89%80/collusion#main"
"338","2012-04-13","Firefox Flicks 短片召集令轟動再加碼，前往「法國坎城影展」一圓你的導演夢！","ok","skipped","https://blog.mozilla.com.tw/?p=338","https://web.archive.org/web/20191019125617/https://blog.mozilla.com.tw/posts/338/firefox-flicks-%e7%9f%ad%e7%89%87%e5%8f%ac%e9%9b%86%e4%bb%a4%e8%bd%9f%e5%8b%95%e5%86%8d%e5%8a%a0%e7%a2%bc%ef%bc%8c%e5%89%8d%e5%be%80%e3%80%8c%e6%b3%95%e5%9c%8b%e5%9d%8e%e5%9f%8e%e5%bd%b1%e5%b1%95/attachment/1#main"
"349","2012-04-17","Mozilla 開放徽章網站釋出全新 Beta 版本，具有認證效力的開放資源學習！","ok","skipped","https://blog.mozilla.com.tw/?p=349","https://web.archive.org/web/20160602223346/https://blog.mozilla.com.tw/posts/349/mozilla-%e9%96%8b%e6%94%be%e5%be%bd%e7%ab%a0%e7%b6%b2%e7%ab%99%e9%87%8b%e5%87%ba%e5%85%a8%e6%96%b0bata%e7%89%88%e6%9c%ac%ef%bc%8c%e5%85%b7%e6%9c%89%e8%aa%8d%e8%ad%89%e6%95%88%e5%8a%9b%e7%9a%84"
"350","2012-04-17","tumblr_m28ke8PSnw1qeyuvt","ok","skipped","https://blog.mozilla.com.tw/?p=350","https://web.archive.org/web/20201231235959/https://blog.mozilla.com.tw/posts/349/mozilla-%e9%96%8b%e6%94%be%e5%be%bd%e7%ab%a0%e7%b6%b2%e7%ab%99%e9%87%8b%e5%87%ba%e5%85%a8%e6%96%b0bata%e7%89%88%e6%9c%ac%ef%bc%8c%e5%85%b7%e6%9c%89%e8%aa%8d%e8%ad%89%e6%95%88%e5%8a%9b%e7%9a%84/tumblr_m28ke8psnw1qeyuvt"
"359","2012-04-18","OSDC.tw 2012精彩花絮，現場轉播！","ok","skipped","https://blog.mozilla.com.tw/?p=359","https://web.archive.org/web/20191019115000/https://blog.mozilla.com.tw/posts/359/osdc-tw-2012%e7%b2%be%e5%bd%a9%e8%8a%b1%e7%b5%ae%ef%bc%8c%e7%8f%be%e5%a0%b4%e8%bd%89%e6%92%ad%ef%bc%81/olympus-digital-camera"
"384","2012-04-23","你的 Firefox 將有更順暢的更新體驗","ok","skipped","https://blog.mozilla.com.tw/?p=384","https://web.archive.org/web/20171021205506/https://blog.mozilla.com.tw/posts/384/%E4%BD%A0%E7%9A%84-firefox-%E5%B0%87%E6%9C%89%E6%9B%B4%E9%A0%86%E6%9A%A2%E7%9A%84%E6%9B%B4%E6%96%B0%E9%AB%94%E9%A9%97"
"385","2012-04-23","Firefox 升級進度視窗","ok","skipped","https://blog.mozilla.com.tw/?p=385","https://web.archive.org/web/20201231235959/https://blog.mozilla.com.tw/posts/384/%e4%bd%a0%e7%9a%84-firefox-%e5%b0%87%e6%9c%89%e6%9b%b4%e9%a0%86%e6%9a%a2%e7%9a%84%e6%9b%b4%e6%96%b0%e9%ab%94%e9%a9%97/updateprogress"
"386","2012-04-23","提示重新啟動","ok","skipped","https://blog.mozilla.com.tw/?p=386","https://web.archive.org/web/20201231235959/https://blog.mozilla.com.tw/posts/384/%e4%bd%a0%e7%9a%84-firefox-%e5%b0%87%e6%9c%89%e6%9b%b4%e9%a0%86%e6%9a%a2%e7%9a%84%e6%9b%b4%e6%96%b0%e9%ab%94%e9%a9%97/updatedialog"
"387","2012-04-23","Windows UAC","ok","skipped","https://blog.mozilla.com.tw/?p=387","https://web.archive.org/web/20201231235959/https://blog.mozilla.com.tw/posts/384/%e4%bd%a0%e7%9a%84-firefox-%e5%b0%87%e6%9c%89%e6%9b%b4%e9%a0%86%e6%9a%a2%e7%9a%84%e6%9b%b4%e6%96%b0%e9%ab%94%e9%a9%97/uac"
"388","2012-04-23","附加元件相容性檢查","ok","skipped","https://blog.mozilla.com.tw/?p=388","https://web.archive.org/web/20201231235959/https://blog.mozilla.com.tw/posts/384/%e4%bd%a0%e7%9a%84-firefox-%e5%b0%87%e6%9c%89%e6%9b%b4%e9%a0%86%e6%9a%a2%e7%9a%84%e6%9b%b4%e6%96%b0%e9%ab%94%e9%a9%97/addonsincompatible"
"389","2012-04-23","新鮮事（英文版）","ok","skipped","https://blog.mozilla.com.tw/?p=389","https://web.archive.org/web/20201231235959/https://blog.mozilla.com.tw/posts/384/%e4%bd%a0%e7%9a%84-firefox-%e5%b0%87%e6%9c%89%e6%9b%b4%e9%a0%86%e6%9a%a2%e7%9a%84%e6%9b%b4%e6%96%b0%e9%ab%94%e9%a9%97/whatsnew_panorama_06"
"397","2012-05-19","JSDC 2012，Mozilla 研究總監現身","ok","partial_assets_failed","https://blog.mozilla.com.tw/?p=397","https://web.archive.org/web/20201231235959/https://blog.mozilla.com.tw/?p=397"
"399","2012-04-25","Mozilla Firefox更新版本全新釋出，自動升級即刻生效！","ok","skipped","https://blog.mozilla.com.tw/?p=399","https://web.archive.org/web/20190919102157/https://blog.mozilla.com.tw/posts/399/mozilla-firefox%E6%9B%B4%E6%96%B0%E7%89%88%E6%9C%AC%E5%85%A8%E6%96%B0%E9%87%8B%E5%87%BA%EF%BC%8C%E8%87%AA%E5%8B%95%E5%8D%87%E7%B4%9A%E5%8D%B3%E5%88%BB%E7%94%9F%E6%95%88%EF%BC%81"
"413","2012-05-05","火狐幫幫忙 台北報到！","ok","skipped","https://blog.mozilla.com.tw/?p=413","https://web.archive.org/web/20201231235959/https://blog.mozilla.com.tw/events/%e7%81%ab%e7%8b%90%e5%b9%ab%e5%b9%ab%e5%bf%99-%e5%8f%b0%e5%8c%97%e5%a0%b1%e5%88%b0%ef%bc%81"
"416","2012-04-27","Mozilla Firefox Beta 版本開放下載測試！","ok","partial_assets_failed","https://blog.mozilla.com.tw/?p=416","https://web.archive.org/web/20160811204311/https://blog.mozilla.com.tw/posts/416/mozilla-firefox-beta-%e7%89%88%e6%9c%ac%e9%96%8b%e6%94%be%e4%b8%8b%e8%bc%89%e6%b8%ac%e8%a9%a6-%e6%9b%b4%e5%bf%ab%e9%80%9f%e3%80%81%e6%9c%80%e4%be%bf%e5%88%a9%e7%9a%84%e7%b6%b2%e8%b7%af%e9%ab%94"
"433","2012-05-08","5月5日天氣晴~火狐幫幫忙（台北場）花絮回顧","ok","skipped","https://blog.mozilla.com.tw/?p=433","https://web.archive.org/web/20191019115209/https://blog.mozilla.com.tw/posts/433/5%e6%9c%885%e6%97%a5%e5%a4%a9%e6%b0%a3%e6%99%b4%e7%81%ab%e7%8b%90%e5%b9%ab%e5%b9%ab%e5%bf%99%ef%bc%88%e5%8f%b0%e5%8c%97%e5%a0%b4%ef%bc%89%e8%8a%b1%e7%b5%ae%e5%9b%9e%e9%a1%a7/1-4"
"457","2012-05-10","Mozilla 研究總監 Andreas Gal 即將於5/19在 JSDC 現身！","ok","skipped","https://blog.mozilla.com.tw/?p=457","https://web.archive.org/web/20191019115055/https://blog.mozilla.com.tw/posts/457/mozilla%e7%a0%94%e7%a9%b6%e7%b8%bd%e7%9b%a3-andreas-gal%e5%8d%b3%e5%b0%87%e6%96%bc519%e5%9c%a8jsdc%e7%8f%be%e8%ba%ab%ef%bc%81/andreas-gal"
"478","2012-05-17","附加元件 SDK 再升級，1.7 版登場","ok","skipped","https://blog.mozilla.com.tw/?p=478","https://web.archive.org/web/20190715195636/https://blog.mozilla.com.tw/posts/478/%e9%99%84%e5%8a%a0%e5%85%83%e4%bb%b6-sdk-%e5%86%8d%e5%8d%87%e7%b4%9a%ef%bc%8c1-7-%e7%89%88%e7%99%bb%e5%a0%b4"
"480","2012-05-16","新版Firefox for Android Beta 正式展開測試","ok","skipped","https://blog.mozilla.com.tw/?p=480","https://web.archive.org/web/20190715195636/https://blog.mozilla.com.tw/posts/480/%e6%96%b0%e7%89%88firefox-for-android-beta-%e6%ad%a3%e5%bc%8f%e5%b1%95%e9%96%8b%e6%b8%ac%e8%a9%a6"
"488","2012-05-16","Firefox for Android","ok","skipped","https://blog.mozilla.com.tw/?p=488","https://web.archive.org/web/20201231235959/https://blog.mozilla.com.tw/posts/480/%e6%96%b0%e7%89%88firefox-for-android-beta-%e6%ad%a3%e5%bc%8f%e5%b1%95%e9%96%8b%e6%b8%ac%e8%a9%a6/firefox-for-android-2"
"508","2012-05-21","Firefox 內建 “Do Not Track” 功能獲 Twitter 公開支持，還給使用者網路隱私的權利！","ok","skipped","https://blog.mozilla.com.tw/?p=508","https://web.archive.org/web/20191019121107/https://blog.mozilla.com.tw/?p=508"
"511","2012-05-23","JSDC Taiwan 2012精彩花絮回顧","ok","skipped","https://blog.mozilla.com.tw/?p=511","https://web.archive.org/web/20191019115358/https://blog.mozilla.com.tw/posts/511/jsdc-taiwan-2012%e7%b2%be%e5%bd%a9%e8%8a%b1%e7%b5%ae%e5%9b%9e%e9%a1%a7/540260_10150837872118271_760738270_9579013_1478809251_n#main"
"528","2012-05-23","Firefox 附加元件開發大軍，又增新血！","ok","skipped","https://blog.mozilla.com.tw/?p=528","https://web.archive.org/web/20190824002938/https://blog.mozilla.com.tw/posts/528/firefox-%e9%99%84%e5%8a%a0%e5%85%83%e4%bb%b6%e9%96%8b%e7%99%bc%e5%a4%a7%e8%bb%8d%ef%bc%8c%e5%8f%88%e5%a2%9e%e6%96%b0%e8%a1%80%ef%bc%81"
"547","2012-05-25","Firefox Flicks 台灣參賽作品分享","ok","ok","https://blog.mozilla.com.tw/?p=547","https://web.archive.org/web/20140726024253/https://blog.mozilla.com.tw/posts/547/firefox-flicks-%e5%8f%b0%e7%81%a3%e5%8f%83%e8%b3%bd%e4%bd%9c%e5%93%81%e5%88%86%e4%ba%ab"
"548","2012-05-25","2012年 Firefox Flicks 得獎名單公佈","ok","skipped","https://blog.mozilla.com.tw/?p=548","https://web.archive.org/web/20190919102413/https://blog.mozilla.com.tw/posts/548/2012%e5%b9%b4-firefox-flicks-%e5%be%97%e7%8d%8e%e5%90%8d%e5%96%ae%e5%85%ac%e4%bd%88"
"572","2012-06-05","Mozilla：DNT v.s 微軟","ok","skipped","https://blog.mozilla.com.tw/?p=572","https://web.archive.org/web/20160328073249/https://blog.mozilla.com.tw/posts/572/mozilla%ef%bc%9adnt-v-s-%e5%be%ae%e8%bb%9f"
"577","2012-06-06","新版 Thunderbird 帶著雲端檔案功能上場","ok","skipped","https://blog.mozilla.com.tw/?p=577","https://web.archive.org/web/20190919102413/https://blog.mozilla.com.tw/posts/577/%e6%96%b0%e7%89%88-thunderbird-%e5%b8%b6%e8%91%97%e9%9b%b2%e7%ab%af%e6%aa%94%e6%a1%88%e5%8a%9f%e8%83%bd%e4%b8%8a%e5%a0%b4"
"585","2012-06-06","Mozilla Firefox 推出嶄新主頁面與分頁功能","ok","skipped","https://blog.mozilla.com.tw/?p=585","https://web.archive.org/web/20160604141219/https://blog.mozilla.com.tw/posts/585/mozilla-firefox-%e6%8e%a8%e5%87%ba%e5%b6%84%e6%96%b0%e4%b8%bb%e9%a0%81%e9%9d%a2%e8%88%87%e5%88%86%e9%a0%81%e5%8a%9f%e8%83%bd"
"595","2012-06-11","Mozilla Firefox Beta 號召重視安全機制的您搶先下載！","ok","skipped","https://blog.mozilla.com.tw/?p=595","https://web.archive.org/web/20191019115119/https://blog.mozilla.com.tw/?p=595"
"604","2015-03-08","2015 Mozilla 校園徵才博覽會 等你來相會！","ok","ok","https://blog.mozilla.com.tw/?p=604","https://web.archive.org/web/20201231235959/https://blog.mozilla.com.tw/?p=604"
"607","2016-07-27","Mozilla 釋出新版 Firefox for iOS 再度提升使用者經驗","ok","ok","https://blog.mozilla.com.tw/?p=607","https://web.archive.org/web/20201231235959/https://blog.mozilla.com.tw/?p=607"
"612","2012-06-13","6月20日前進上海，Boot to Gecko軟實力發威！","ok","ok","https://blog.mozilla.com.tw/?p=612","https://web.archive.org/web/20150923120435/https://blog.mozilla.com.tw/posts/612/6%e6%9c%8820%e6%97%a5%e5%89%8d%e9%80%b2%e4%b8%8a%e6%b5%b7%ef%bc%8cboot-to-gecko%e8%bb%9f%e5%af%a6%e5%8a%9b%e7%99%bc%e5%a8%81%ef%bc%81"
"646","2012-06-27","快速、聰明、安全的Firefox for Android 版本全新登場！","ok","ok","https://blog.mozilla.com.tw/?p=646","https://web.archive.org/web/20130525033516/https://blog.mozilla.com.tw/posts/646/mozilla-%e5%bf%ab%e9%80%9f%e3%80%81%e8%81%b0%e6%98%8e%e3%80%81%e5%ae%89%e5%85%a8%e7%9a%84firefox-for-android-%e7%89%88%e6%9c%ac%e5%85%a8%e6%96%b0%e7%99%bb%e5%a0%b4%ef%bc%81"
"662","2012-07-01","「社群參與」頁面上線！","ok","skipped","https://blog.mozilla.com.tw/?p=662","https://web.archive.org/web/20150923172819/https://blog.mozilla.com.tw/posts/662/%e3%80%8c%e7%a4%be%e7%be%a4%e5%8f%83%e8%88%87%e3%80%8d%e9%a0%81%e9%9d%a2%e4%b8%8a%e7%b7%9a%ef%bc%81"
"674","2012-07-03","捷報！Firefox OS 獲全球大廠支持！","ok","skipped","https://blog.mozilla.com.tw/?p=674","https://web.archive.org/web/20190919102413/https://blog.mozilla.com.tw/posts/674/%e6%8d%b7%e5%a0%b1%ef%bc%81mozilla-%e8%a1%8c%e5%8b%95%e4%bd%9c%e6%a5%ad%e7%b3%bb%e7%b5%b1firefox-os-%e7%8d%b2%e5%be%97%e5%85%a8%e7%90%83%e5%a4%a7%e5%bb%a0%e6%94%af%e6%8c%81%ef%bc%81"
"689","2012-07-12","Mitchell Baker 談 Thunderbird 的未來","ok","skipped","https://blog.mozilla.com.tw/?p=689","https://web.archive.org/web/20190715195721/https://blog.mozilla.com.tw/posts/689/mitchell-baker-%e8%ab%87-thunderbird-%e7%9a%84%e6%9c%aa%e4%be%86"
"698","2012-07-13","夏日的 Web 樂園，熱情開跑！","ok","skipped","https://blog.mozilla.com.tw/?p=698","https://web.archive.org/web/20160810101550/https://blog.mozilla.com.tw/posts/698/%e5%a4%8f%e6%97%a5%e7%9a%84-web-%e6%a8%82%e5%9c%92%ef%bc%8c%e7%86%b1%e6%83%85%e9%96%8b%e8%b7%91%ef%bc%81"
"711","2012-07-29","夏日的 Web 樂園，熱情開跑！","ok","skipped","https://blog.mozilla.com.tw/?p=711","https://web.archive.org/web/20201231235959/https://blog.mozilla.com.tw/events/%e5%a4%8f%e6%97%a5%e7%9a%84-web-%e6%a8%82%e5%9c%92%ef%bc%8c%e7%86%b1%e6%83%85%e9%96%8b%e8%b7%91%ef%bc%81"
"713","2012-07-18","Firefox 安全機制亮眼升級，再推遊戲全新開發功能！","ok","skipped","https://blog.mozilla.com.tw/?p=713","https://web.archive.org/web/20191019125034/https://blog.mozilla.com.tw/?p=713"
"724","2012-07-20","Firefox for Android Beta 版邀您一賞全新平板介面！","ok","skipped","https://blog.mozilla.com.tw/?p=724","https://web.archive.org/web/20190919102413/https://blog.mozilla.com.tw/posts/724/firefox-for-android-beta-%e7%89%88%e9%82%80%e6%82%a8%e4%b8%80%e8%b3%9e%e5%85%a8%e6%96%b0%e5%b9%b3%e6%9d%bf%e4%bb%8b%e9%9d%a2%ef%bc%81"
"726","2012-07-20","低記憶體使用量，新程式開發者工具，Firefox Beta 版等你率先體驗！","ok","skipped","https://blog.mozilla.com.tw/?p=726","https://web.archive.org/web/20160810124018/https://blog.mozilla.com.tw/posts/726/%e4%bd%8e%e8%a8%98%e6%86%b6%e9%ab%94%e4%bd%bf%e7%94%a8%e9%87%8f%ef%bc%8c%e6%96%b0%e7%a8%8b%e5%bc%8f%e9%96%8b%e7%99%bc%e8%80%85%e5%b7%a5%e5%85%b7%ef%bc%8cfirefox-beta-%e7%89%88%e7%ad%89%e4%bd%a0"
"728","2012-07-25","台灣加油！Firefox 邀您即刻更換國旗個性面板！","ok","skipped","https://blog.mozilla.com.tw/?p=728","https://web.archive.org/web/20160810123941/https://blog.mozilla.com.tw/posts/728/%e5%8f%b0%e7%81%a3%e5%8a%a0%e6%b2%b9%ef%bc%81firefox-%e9%82%80%e6%82%a8%e5%8d%b3%e5%88%bb%e6%9b%b4%e6%8f%9b%e5%9c%8b%e6%97%97%e5%80%8b%e6%80%a7%e9%9d%a2%e6%9d%bf%ef%bc%81"
"741","2012-07-26","狂賀！Firefox 附加元件全球突破30億下載量！","ok","skipped","https://blog.mozilla.com.tw/?p=741","https://web.archive.org/web/20160810161908/https://blog.mozilla.com.tw/posts/741/%e7%8b%82%e8%b3%80%ef%bc%81firefox-%e9%99%84%e5%8a%a0%e5%85%83%e4%bb%b6%e5%85%a8%e7%90%83%e7%aa%81%e7%a0%b430%e5%84%84%e4%b8%8b%e8%bc%89%e9%87%8f%ef%bc%81"
"747","2012-07-29","夏日的 Web 樂園：Mozilla Taiwan 攤位作品一覽","ok","skipped","https://blog.mozilla.com.tw/?p=747","https://web.archive.org/web/20190824002938/https://blog.mozilla.com.tw/posts/747/%e5%a4%8f%e6%97%a5%e7%9a%84-web-%e6%a8%82%e5%9c%92%ef%bc%9amozilla-taiwan-%e6%94%a4%e4%bd%8d%e4%bd%9c%e5%93%81%e4%b8%80%e8%a6%bd"
"756","2012-07-30","Firefox OS 下載與測試","ok","skipped","https://blog.mozilla.com.tw/?p=756","https://web.archive.org/web/20171007210655/https://blog.mozilla.com.tw/posts/756/firefox-os-%E4%B8%8B%E8%BC%89%E8%88%87%E6%B8%AC%E8%A9%A6"
"765","2012-07-31","「夏日的Web 樂園」精彩花絮回顧","ok","skipped","https://blog.mozilla.com.tw/?p=765","https://web.archive.org/web/20160729162248/https://blog.mozilla.com.tw/posts/765/%e3%80%8c%e5%a4%8f%e6%97%a5%e7%9a%84web-%e6%a8%82%e5%9c%92%e3%80%8d%e7%b2%be%e5%bd%a9%e8%8a%b1%e7%b5%ae%e5%9b%9e%e9%a1%a7"
"780","2012-07-31","1","ok","skipped","https://blog.mozilla.com.tw/?p=780","https://web.archive.org/web/20201231235959/https://blog.mozilla.com.tw/posts/765/%e3%80%8c%e5%a4%8f%e6%97%a5%e7%9a%84web-%e6%a8%82%e5%9c%92%e3%80%8d%e7%b2%be%e5%bd%a9%e8%8a%b1%e7%b5%ae%e5%9b%9e%e9%a1%a7/1-5"
"783","2012-08-09","電影票大方送『捍衛隱私，就是 Firefox 的正義！』","ok","skipped","https://blog.mozilla.com.tw/?p=783","https://web.archive.org/web/20191019115245/https://blog.mozilla.com.tw/posts/783/firefox-%e9%9b%bb%e5%bd%b1%e7%a5%a8%e5%a4%a7%e6%96%b9%e9%80%81%e3%80%8e%e6%8d%8d%e8%a1%9b%e9%9a%b1%e7%a7%81%ef%bc%8c%e5%b0%b1%e6%98%af-firefox-%e7%9a%84%e6%ad%a3%e7%be%a9%ef%bc%81%e3%80%8f/untitled-1-3#main"
"808","2012-08-08","電影票大方送『捍衛隱私，就是 Firefox 的正義！』","ok","skipped","https://blog.mozilla.com.tw/?p=808","https://web.archive.org/web/20201231235959/https://blog.mozilla.com.tw/events/%e9%9b%bb%e5%bd%b1%e7%a5%a8%e5%a4%a7%e6%96%b9%e9%80%81%e3%80%8e%e6%8d%8d%e8%a1%9b%e9%9a%b1%e7%a7%81%ef%bc%8c%e5%b0%b1%e6%98%af-firefox-%e7%9a%84%e6%ad%a3%e7%be%a9%ef%bc%81%e3%80%8f"
"820","2012-08-14","Firefox 校園大使，現正招募中！","ok","skipped","https://blog.mozilla.com.tw/?p=820","https://web.archive.org/web/20160602080603/https://blog.mozilla.com.tw/posts/820/firefox-student-reps"
"834","2012-08-22","得獎名單公佈「Firefox好康送 BBS鄉民的正義特映會」","ok","skipped","https://blog.mozilla.com.tw/?p=834","https://web.archive.org/web/20150926003412/https://blog.mozilla.com.tw/posts/834/%e5%be%97%e7%8d%8e%e5%90%8d%e5%96%ae%e5%85%ac%e4%bd%88%e3%80%8cfirefox%e5%a5%bd%e5%ba%b7%e9%80%81-bbs%e9%84%89%e6%b0%91%e7%9a%84%e6%ad%a3%e7%be%a9%e7%89%b9%e6%98%a0%e6%9c%83%e3%80%8d"
"842","2012-08-22","Mozilla 記錄片「Code Rush」放映會，前進西門町！","ok","skipped","https://blog.mozilla.com.tw/?p=842","https://web.archive.org/web/20190825005132/https://blog.mozilla.com.tw/posts/842/mozilla-%e8%a8%98%e9%8c%84%e7%89%87%e3%80%8ccode-rush%e3%80%8d%e6%94%be%e6%98%a0%e6%9c%83%ef%bc%8c%e5%89%8d%e9%80%b2%e8%a5%bf%e9%96%80%e7%94%ba%ef%bc%81"
"852","2012-08-28","捍衛隱私 就是 Firefox 的正義 電影特映會 活動花絮","ok","skipped","https://blog.mozilla.com.tw/?p=852","https://web.archive.org/web/20190825005132/https://blog.mozilla.com.tw/posts/852/%e6%8d%8d%e8%a1%9b%e9%9a%b1%e7%a7%81-%e5%b0%b1%e6%98%af-firefox-%e7%9a%84%e6%ad%a3%e7%be%a9-%e9%9b%bb%e5%bd%b1%e7%89%b9%e6%98%a0%e6%9c%83-%e6%b4%bb%e5%8b%95%e8%8a%b1%e7%b5%ae"
"872","2012-08-29","Firefox 大突破，超低記憶體使用率，提供高速瀏覽體驗","ok","skipped","https://blog.mozilla.com.tw/?p=872","https://web.archive.org/web/20150923123135/https://blog.mozilla.com.tw/posts/872/firefox%e6%96%b0%e7%89%88%e6%9c%ac%e5%a4%a7%e7%aa%81%e7%a0%b4%ef%bc%8c%e8%b6%85%e4%bd%8e%e8%a8%98%e6%86%b6%e9%ab%94%e4%bd%bf%e7%94%a8%e7%8e%87%ef%bc%8c%e6%8f%90%e4%be%9b%e9%ab%98%e9%80%9f%e7%80%8f"
"875","2012-08-29","全新 Firefox for Android 邀您體驗高速、強大平板體驗！","ok","skipped","https://blog.mozilla.com.tw/?p=875","https://web.archive.org/web/20190824002915/https://blog.mozilla.com.tw/posts/875/%e5%85%a8%e6%96%b0-firefox-for-android-%e9%82%80%e6%82%a8%e9%ab%94%e9%a9%97%e9%ab%98%e9%80%9f%e3%80%81%e5%bc%b7%e5%a4%a7%e5%b9%b3%e6%9d%bf%e6%96%b0%e9%ab%94%e9%a9%97%ef%bc%81"
"885","2012-09-03","Firefox Home 正式退役！功能可使用至年底","ok","skipped","https://blog.mozilla.com.tw/?p=885","https://web.archive.org/web/20201231235959/https://blog.mozilla.com.tw/posts/885/firefox-home-%e6%ad%a3%e5%bc%8f%e9%80%80%e5%bd%b9"
"896","2012-09-04","Firefox 開發工具大集結：開發者工具列","ok","skipped","https://blog.mozilla.com.tw/?p=896","https://web.archive.org/web/20170803120917/https://blog.mozilla.com.tw/posts/896/firefox-%E9%96%8B%E7%99%BC%E5%B7%A5%E5%85%B7%E5%A4%A7%E9%9B%86%E7%B5%90%EF%BC%9A%E9%96%8B%E7%99%BC%E8%80%85%E5%B7%A5%E5%85%B7%E5%88%97"
"898","2012-09-04","開發者工具列的命令列工具可以用來抓圖","ok","partial_assets_failed","https://blog.mozilla.com.tw/?p=898","https://web.archive.org/web/20201231235959/https://blog.mozilla.com.tw/?p=898"
"906","2012-09-05","【Add-On 一點通】學生篇「gTranslate」","ok","skipped","https://blog.mozilla.com.tw/?p=906","https://web.archive.org/web/20190715200805/https://blog.mozilla.com.tw/posts/906/%e3%80%90add-on-%e4%b8%80%e9%bb%9e%e9%80%9a%e3%80%91%e5%ad%b8%e7%94%9f%e7%af%87"
"933","2012-09-07","全球首支 Firefox OS 智慧型手機，2013 即將顛覆想像！","ok","skipped","https://blog.mozilla.com.tw/?p=933","https://web.archive.org/web/20191113180314/https://blog.mozilla.com.tw/?p=933"
"955","2012-09-11","得獎名單公佈『捍衛隱私 就是 Firefox 的正義』電影簽名海報","ok","skipped","https://blog.mozilla.com.tw/?p=955","https://web.archive.org/web/20191212131730/https://blog.mozilla.com.tw/?p=955"
"967","2012-09-14","【破解 Firefox 迷思】Firefox 版本升級","ok","skipped","https://blog.mozilla.com.tw/?p=967","https://web.archive.org/web/20191113171139/https://blog.mozilla.com.tw/?p=967"
"994","2012-09-15","Code Rush – Mozilla 誕生故事相關紀錄片","ok","skipped","https://blog.mozilla.com.tw/?p=994","https://web.archive.org/web/20191212130623/https://blog.mozilla.com.tw/?p=994"
"1004","2012-09-19","新功能預告：「Firefox 健康檢查報告」即將進入測試","ok","skipped","https://blog.mozilla.com.tw/?p=1004","https://web.archive.org/web/20150925130400/https://blog.mozilla.com.tw/posts/1004/firefox-%e5%81%a5%e5%ba%b7%e6%aa%a2%e6%9f%a5%e5%a0%b1%e5%91%8a%e5%8d%b3%e5%b0%87%e9%80%b2%e5%85%a5%e6%b8%ac%e8%a9%a6"
"1012","2012-09-20","【Add-On 一點通】學生篇 「Evernote Web Clipper」","ok","skipped","https://blog.mozilla.com.tw/?p=1012","https://web.archive.org/web/20190715200805/https://blog.mozilla.com.tw/posts/1012/%e3%80%90add-on-%e4%b8%80%e9%bb%9e%e9%80%9a%e3%80%91%e5%ad%b8%e7%94%9f%e7%af%87-%e3%80%8cevernote-web-clipper%e3%80%8d"
"1051","2012-09-27","【破解 Firefox 迷思】Firefox 很慢？記憶體吃很兇？","ok","skipped","https://blog.mozilla.com.tw/?p=1051","https://web.archive.org/web/20180604011340/https://blog.mozilla.com.tw/posts/1051/%E3%80%90%E7%A0%B4%E8%A7%A3-firefox-%E8%BF%B7%E6%80%9D%E3%80%91firefox-%E5%BE%88%E6%85%A2%EF%BC%9F%E8%A8%98%E6%86%B6%E9%AB%94%E5%90%83%E5%BE%88%E5%85%87%EF%BC%9F"
"1061","2012-09-28","Persona 網路身分識別服務 – Beta 版首度釋出！","ok","ok","https://blog.mozilla.com.tw/?p=1061","https://web.archive.org/web/20160806003619/https://blog.mozilla.com.tw/posts/1061/%e5%ae%89%e5%85%a8%e5%8f%af%e9%9d%a0-persona-%e7%b6%b2%e8%b7%af%e8%ba%ab%e4%bb%bd%e8%aa%8d%e8%ad%89%e7%b3%bb%e7%b5%b1-beta-%e7%89%88%e9%a6%96%e5%ba%a6%e9%87%8b%e5%87%ba%ef%bc%81"
"1094","2012-10-18","Rob Hawkes: Firefox OS 的神奇魔力","ok","skipped","https://blog.mozilla.com.tw/?p=1094","https://web.archive.org/web/20161125024705/https://blog.mozilla.com.tw/posts/1094/there-is-something-magical-about-firefox-os"
"1100","2012-10-01","『Firefox 學生好夥伴』留言集氣，首波中獎名單公佈！","ok","skipped","https://blog.mozilla.com.tw/?p=1100","https://web.archive.org/web/20190825005132/https://blog.mozilla.com.tw/posts/1100/%e3%80%8efirefox-%e5%ad%b8%e7%94%9f%e5%a5%bd%e5%a4%a5%e4%bc%b4%e3%80%8f%e7%95%99%e8%a8%80%e9%9b%86%e6%b0%a3%ef%bc%8c%e9%a6%96%e6%b3%a2%e4%b8%ad%e7%8d%8e%e5%90%8d%e5%96%ae%e5%85%ac%e4%bd%88%ef%bc%81"
"1117","2012-10-02","SUMO 換新裝，登場更閃亮！","ok","skipped","https://blog.mozilla.com.tw/?p=1117","https://web.archive.org/web/20150927110309/https://blog.mozilla.com.tw/posts/1117/sumo-%e6%8f%9b%e6%96%b0%e8%a3%9d%ef%bc%8c%e7%99%bb%e5%a0%b4%e6%9b%b4%e9%96%83%e4%ba%ae%ef%bc%81"
"1134","2012-10-04","【Add-On 一點通】很不愛看廣告的 「Adblock Plus」","ok","ok","https://blog.mozilla.com.tw/?p=1134","https://web.archive.org/web/20190824010142/https://blog.mozilla.com.tw/posts/1134/%e3%80%90add-on-%e4%b8%80%e9%bb%9e%e9%80%9a%e3%80%91%e5%be%88%e4%b8%8d%e6%84%9b%e7%9c%8b%e5%bb%a3%e5%91%8a%e7%9a%84-%e3%80%8cadblock-plus%e3%80%8d"
"1164","2012-10-05","全新！Firefox Metro 預覽測試版支援 Windows 8！","ok","skipped","https://blog.mozilla.com.tw/?p=1164","https://web.archive.org/web/20190824002915/https://blog.mozilla.com.tw/posts/1164/%e5%85%a8%e6%96%b0%ef%bc%81firefox-metro-%e9%a0%90%e8%a6%bd%e6%b8%ac%e8%a9%a6%e7%89%88%e6%94%af%e6%8f%b4-windows-8%ef%bc%81"
"1171","2012-10-08","『Firefox 學生好夥伴』留言集氣，第二波中獎名單公佈！","ok","skipped","https://blog.mozilla.com.tw/?p=1171","https://web.archive.org/web/20190825005132/https://blog.mozilla.com.tw/posts/1171/%e3%80%8efirefox-%e5%ad%b8%e7%94%9f%e5%a5%bd%e5%a4%a5%e4%bc%b4%e3%80%8f%e7%95%99%e8%a8%80%e9%9b%86%e6%b0%a3%ef%bc%8c%e7%ac%ac%e4%ba%8c%e6%b3%a2%e4%b8%ad%e7%8d%8e%e5%90%8d%e5%96%ae%e5%85%ac%e4%bd%88"
"1176","2012-10-09","Firefox 桌機、行動雙強出擊，全新版本強勢釋出！","ok","skipped","https://blog.mozilla.com.tw/?p=1176","https://web.archive.org/web/20190824002915/https://blog.mozilla.com.tw/posts/1176/firefox-%e6%a1%8c%e6%a9%9f%e3%80%81%e8%a1%8c%e5%8b%95%e9%9b%99%e5%bc%b7%e5%87%ba%e6%93%8a%ef%bc%8c%e5%85%a8%e6%96%b0%e7%89%88%e6%9c%ac%e5%bc%b7%e5%8b%a2%e9%87%8b%e5%87%ba%ef%bc%81"
"1198","2012-10-12","Firefox Beta 測試版整合 Social API 功能！","ok","skipped","https://blog.mozilla.com.tw/?p=1198","https://web.archive.org/web/20190824000618/https://blog.mozilla.com.tw/posts/1198/firefox-beta-%e6%b8%ac%e8%a9%a6%e7%89%88%e6%95%b4%e5%90%88%e7%a4%be%e7%be%a4%e7%b6%b2%e8%b7%af-api-social-api%e5%8a%9f%e8%83%bd%ef%bc%81"
"1203","2012-10-12","新訊！Firefox for Android Beta 開放搶先下載測試！","ok","skipped","https://blog.mozilla.com.tw/?p=1203","https://web.archive.org/web/20150922000441/https://blog.mozilla.com.tw/posts/1203/%e6%96%b0%e8%a8%8a%ef%bc%81firefox-for-android-beta-%e9%96%8b%e6%94%be%e6%90%b6%e5%85%88%e4%b8%8b%e8%bc%89%e6%b8%ac%e8%a9%a6%ef%bc%81"
"1232","2012-10-24","窺探 Firefox for Android 新鮮事：閱讀模式、Web Apps 支援、 詐騙防範","ok","skipped","https://blog.mozilla.com.tw/?p=1232","https://web.archive.org/web/20160806003742/https://blog.mozilla.com.tw/posts/1232/firefox-for-android-whats-new"
"1264","2012-10-22","Firefox Marketplace 首度釋出 Firefox Aurora 測試版，歡迎開發者提供意見","ok","skipped","https://blog.mozilla.com.tw/?p=1264","https://web.archive.org/web/20190824000618/https://blog.mozilla.com.tw/posts/1264/firefox-marketplace-%e9%a6%96%e5%ba%a6%e9%87%8b%e5%87%ba-firefox-aurora-%e6%b8%ac%e8%a9%a6%e7%89%88%ef%bc%8c%e6%ad%a1%e8%bf%8e%e9%96%8b%e7%99%bc%e8%80%85%e6%8f%90%e4%be%9b%e6%84%8f%e8%a6%8b"
"1283","2012-10-22","『Firefox 學生好夥伴』留言集氣，第四波中獎名單公佈！","ok","skipped","https://blog.mozilla.com.tw/?p=1283","https://web.archive.org/web/20190825005132/https://blog.mozilla.com.tw/posts/1283/%e3%80%8efirefox-%e5%ad%b8%e7%94%9f%e5%a5%bd%e5%a4%a5%e4%bc%b4%e3%80%8f%e7%95%99%e8%a8%80%e9%9b%86%e6%b0%a3%ef%bc%8c%e7%ac%ac%e5%9b%9b%e6%b3%a2%e4%b8%ad%e7%8d%8e%e5%90%8d%e5%96%ae%e5%85%ac%e4%bd%88"
"1285","2012-10-23","10/23 交大校園演講 – Mozilla、HTML5 與 Firefox OS","ok","skipped","https://blog.mozilla.com.tw/?p=1285","https://web.archive.org/web/20201231235959/https://blog.mozilla.com.tw/events/nctu-121023"
"1289","2012-10-23","Social API 公測中，讓 Firefox 與 Facebook Messenger 合而為一","ok","skipped","https://blog.mozilla.com.tw/?p=1289","https://web.archive.org/web/20150523045322/https://blog.mozilla.com.tw/posts/1289/social-api-beta-test"
"1300","2012-10-22","Firefox OS 問答集 (FAQ)","ok","ok","https://blog.mozilla.com.tw/?p=1300","https://web.archive.org/web/20150926212019/https://blog.mozilla.com.tw/posts/1300/firefox-os-%e5%95%8f%e7%ad%94%e9%9b%86-faq"
"1311","2012-10-23","社交不忘隱私！","ok","skipped","https://blog.mozilla.com.tw/?p=1311","https://web.archive.org/web/20190824010142/https://blog.mozilla.com.tw/posts/1311/%e7%a4%be%e4%ba%a4%e4%b8%8d%e5%bf%98%e9%9a%b1%e7%a7%81%ef%bc%81"
"1330","2012-10-27","[ 高雄第一站 ] 10/27 Firefox OS 首度前進高雄，南部鄉親照過來！","ok","skipped","https://blog.mozilla.com.tw/?p=1330","https://web.archive.org/web/20201231235959/https://blog.mozilla.com.tw/events/%e9%ab%98%e9%9b%84%e7%ac%ac%e4%b8%80%e7%ab%99-1027-firefox-os-%e9%a6%96%e5%ba%a6%e5%89%8d%e9%80%b2%e9%ab%98%e9%9b%84%ef%bc%8c%e5%8d%97%e9%83%a8%e9%84%89%e8%a6%aa%e7%85%a7%e9%81%8e%e4%be%86"
"1338","2012-10-27","[ 高雄第二站 ] 10/27 Firefox 見面體驗會！","ok","skipped","https://blog.mozilla.com.tw/?p=1338","https://web.archive.org/web/20201231235959/https://blog.mozilla.com.tw/events/%e9%ab%98%e9%9b%84%e7%ac%ac%e4%ba%8c%e7%ab%99-1027-firefox-os-%e8%a6%8b%e9%9d%a2%e9%ab%94%e9%a9%97%e6%9c%83%ef%bc%81"
"1344","2012-10-25","[ Firefox 教學影片 ] 強大的個人化風格打造你專屬的瀏覽器","ok","skipped","https://blog.mozilla.com.tw/?p=1344","https://web.archive.org/web/20201231235959/https://blog.mozilla.com.tw/posts/1344/firefox-%e6%95%99%e5%ad%b8%e5%bd%b1%e7%89%87-%e5%bc%b7%e5%a4%a7%e7%9a%84%e5%80%8b%e4%ba%ba%e5%8c%96%e9%a2%a8%e6%a0%bc%e6%89%93%e9%80%a0%e4%bd%a0%e5%b0%88%e5%b1%ac%e7%9a%84%e7%80%8f%e8%a6%bd"
"1367","2012-10-26","Esr-release-overview","ok","skipped","https://blog.mozilla.com.tw/?p=1367","https://web.archive.org/web/20201231235959/https://blog.mozilla.com.tw/posts/157/mozilla-%e5%b0%87%e6%8f%90%e4%be%9b-firefox-%e5%bb%b6%e9%95%b7%e6%94%af%e6%8f%b4%e7%89%88/esr-release-overview"
"1371","2012-10-29","10/27 Firefox 首度前進高雄之花絮報導","ok","ok","https://blog.mozilla.com.tw/?p=1371","https://web.archive.org/web/20150926173159/https://blog.mozilla.com.tw/posts/1371/1027-firefox-%e9%a6%96%e5%ba%a6%e5%89%8d%e9%80%b2%e9%ab%98%e9%9b%84%e4%b9%8b%e8%8a%b1%e7%b5%ae%e5%a0%b1%e5%b0%8e"
"1389","2012-10-30","『Firefox 學生好夥伴』留言集氣，第五週得獎名單公佈！","ok","skipped","https://blog.mozilla.com.tw/?p=1389","https://web.archive.org/web/20190825005132/https://blog.mozilla.com.tw/posts/1389/%e3%80%8efirefox-%e5%ad%b8%e7%94%9f%e5%a5%bd%e5%a4%a5%e4%bc%b4%e3%80%8f%e7%95%99%e8%a8%80%e9%9b%86%e6%b0%a3%ef%bc%8c%e6%9c%80%e7%b5%82%e4%b8%ad%e7%8d%8e%e5%90%8d%e5%96%ae%e5%85%ac%e4%bd%88%ef%bc%81"
"1394","2012-10-31","『Firefox 學生好夥伴』留言集氣，總得獎名單公告！","ok","skipped","https://blog.mozilla.com.tw/?p=1394","https://web.archive.org/web/20190825010158/https://blog.mozilla.com.tw/posts/1394/%e3%80%8efirefox-%e5%ad%b8%e7%94%9f%e5%a5%bd%e5%a4%a5%e4%bc%b4%e3%80%8f%e7%95%99%e8%a8%80%e9%9b%86%e6%b0%a3%ef%bc%8c%e7%b8%bd%e5%be%97%e7%8d%8e%e5%90%8d%e5%96%ae%e5%85%ac%e5%91%8a%ef%bc%81"
"1409","2012-11-02","HTML5 流言終結 (Part 1)","ok","skipped","https://blog.mozilla.com.tw/?p=1409","https://web.archive.org/web/20160508014900/https://blog.mozilla.com.tw/posts/1409/html5-%E7%9A%84%E8%BF%B7%E6%80%9D%E8%88%87%E8%A7%A3%E6%B3%95-part-1"
"1410","2012-11-02","4932748746_a461dfe406","ok","skipped","https://blog.mozilla.com.tw/?p=1410","https://web.archive.org/web/20201231235959/https://blog.mozilla.com.tw/posts/1409/html5-%e7%9a%84%e8%bf%b7%e6%80%9d%e8%88%87%e8%a7%a3%e6%b3%95-part-1/4932748746_a461dfe406"
"1436","2012-11-06","HTML5 流言終結 (Part 2)","ok","skipped","https://blog.mozilla.com.tw/?p=1436","https://web.archive.org/web/20201231235959/https://blog.mozilla.com.tw/posts/1436/html5-%E6%B5%81%E8%A8%80%E7%B5%82%E7%B5%90-part-2"
"1453","2012-11-07","HTML5 流言終結 (Part 3)","ok","skipped","https://blog.mozilla.com.tw/?p=1453","https://web.archive.org/web/20201231235959/https://blog.mozilla.com.tw/posts/1453/html5-%e6%b5%81%e8%a8%80%e7%b5%82%e7%b5%90-part-3"
"1469","2012-11-09","狐迷召集令~ 秀出真本事搶 Firefox 抱枕!","ok","skipped","https://blog.mozilla.com.tw/?p=1469","https://web.archive.org/web/20201231235959/https://blog.mozilla.com.tw/events/%e7%8b%90%e8%bf%b7%e5%8f%ac%e9%9b%86%e4%bb%a4-%e7%a7%80%e5%87%ba%e7%9c%9f%e6%9c%ac%e4%ba%8b%e6%90%b6%e6%8b%bf-firefox-%e6%8a%b1%e6%9e%95"
"1473","2012-11-09","Firefox 八歲生日快樂！","ok","skipped","https://blog.mozilla.com.tw/?p=1473","https://web.archive.org/web/20190824000618/https://blog.mozilla.com.tw/posts/1473/firefox-%e5%85%ab%e6%ad%b2%e7%94%9f%e6%97%a5%e5%bf%ab%e6%a8%82%ef%bc%81"
"1484","2012-11-15","【Add-On 一點通】立即幫你找路的 Thomasy Map","ok","skipped","https://blog.mozilla.com.tw/?p=1484","https://web.archive.org/web/20201231235959/https://blog.mozilla.com.tw/posts/1484/%e3%80%90add-on-%e4%b8%80%e9%bb%9e%e9%80%9a%e3%80%91%e7%ab%8b%e5%8d%b3%e5%b9%ab%e4%bd%a0%e6%89%be%e8%b7%af%e7%9a%84-thomasy-map"
"1485","2012-11-14","1","ok","partial_assets_failed","https://blog.mozilla.com.tw/?p=1485","https://web.archive.org/web/20201231235959/https://blog.mozilla.com.tw/?p=1485"
"1487","2012-11-14","3","ok","partial_assets_failed","https://blog.mozilla.com.tw/?p=1487","https://web.archive.org/web/20201231235959/https://blog.mozilla.com.tw/?p=1487"
"1491","2012-11-14","MozCamp Asia 2012 即將在新加坡舉行","ok","skipped","https://blog.mozilla.com.tw/?p=1491","https://web.archive.org/web/20150401004742/https://blog.mozilla.com.tw/posts/1491/mozcamp-asia-2012-%e5%8d%b3%e5%b0%87%e5%9c%a8%e6%96%b0%e5%8a%a0%e5%9d%a1%e8%88%89%e8%a1%8c"
"1501","2012-11-16","Mozilla 基金會執行長 Mitchell Baker：Web 再造巔峰","ok","skipped","https://blog.mozilla.com.tw/?p=1501","https://web.archive.org/web/20190824000618/https://blog.mozilla.com.tw/posts/1501/mozilla-%e5%9f%ba%e9%87%91%e6%9c%83%e5%9f%b7%e8%a1%8c%e9%95%b7-mitchell-baker%ef%bc%9aweb-%e5%86%8d%e9%80%a0%e5%b7%94%e5%b3%b0"
"1513","2012-11-20","新版 Firefox for Android 支援 ARMv6","ok","skipped","https://blog.mozilla.com.tw/?p=1513","https://web.archive.org/web/20151122015325/https://blog.mozilla.com.tw/posts/1513/%e6%96%b0%e7%89%88-firefox-for-android-%e6%94%af%e6%8f%b4-armv6"
"1514","2012-11-20","15-15-20-516f27","ok","ok","https://blog.mozilla.com.tw/?p=1514","https://web.archive.org/web/20201231235959/https://blog.mozilla.com.tw/?p=1514"
"1521","2012-11-21","Firefox 新版轟動整合 Social API 與 Facebook Messenger","ok","skipped","https://blog.mozilla.com.tw/?p=1521","https://web.archive.org/web/20150919094706/https://blog.mozilla.com.tw/posts/1521/firefox-%e6%96%b0%e7%89%88%e8%bd%9f%e5%8b%95%e6%95%b4%e5%90%88-social-api-%e8%88%87-facebook-messenger"
"1527","2012-12-04","讓 Facebook 與 Firefox 緊密相連","ok","skipped","https://blog.mozilla.com.tw/?p=1527","https://web.archive.org/web/20160804184708/https://blog.mozilla.com.tw/posts/1527/%e8%ae%93-facebook-%e8%88%87-firefox-%e7%b7%8a%e5%af%86%e7%9b%b8%e9%80%a3"
"1537","2013-01-12","[ 行動 App 開發密技 ] Firefox OS 模擬器動手玩","ok","skipped","https://blog.mozilla.com.tw/?p=1537","https://web.archive.org/web/20160713150251/https://blog.mozilla.com.tw/posts/1537/firefox-os-%E6%A8%A1%E6%93%AC%E5%99%A8%E5%8B%95%E6%89%8B%E7%8E%A9"
"1546","2012-11-27","Firefox Beta 測試版加入 IonMonkey 增進 JavaScript 效能","ok","skipped","https://blog.mozilla.com.tw/?p=1546","https://web.archive.org/web/20190824010142/https://blog.mozilla.com.tw/posts/1546/firefox-beta-%e6%b8%ac%e8%a9%a6%e7%89%88%e5%8a%a0%e5%85%a5-ionmonkey-%e5%a2%9e%e9%80%b2-javascript-%e6%95%88%e8%83%bd"
"1558","2012-11-28","Firefox for Android Beta 加進網路釣魚和惡意程式防護","ok","skipped","https://blog.mozilla.com.tw/?p=1558","https://web.archive.org/web/20150927061651/https://blog.mozilla.com.tw/posts/1558/firefox-for-android-beta-%e7%89%88%ef%bc%8c%e5%8a%a0%e9%80%b2%e7%b6%b2%e8%b7%af%e9%87%a3%e9%ad%9a%e5%92%8c%e6%83%a1%e6%84%8f%e7%a8%8b%e5%bc%8f%e9%98%b2%e8%ad%b7"
"1567","2012-11-29","Mozilla 宣佈投資 Everything.me，深耕 Web 打造強大豐富 APP 行動平台","ok","skipped","https://blog.mozilla.com.tw/?p=1567","https://web.archive.org/web/20190824001628/https://blog.mozilla.com.tw/posts/1567/mozilla-%e5%ae%a3%e4%bd%88%e6%8a%95%e8%b3%87-everything-me%ef%bc%8c%e6%b7%b1%e8%80%95-web-%e6%89%93%e9%80%a0%e5%bc%b7%e5%a4%a7%e8%b1%90%e5%af%8c-app%e8%a1%8c%e5%8b%95%e5%b9%b3%e5%8f%b0"
"1572","2012-11-30","MSN 特別版 Firefox 瀏覽器 以 Bing 作為預設搜尋引擎，有效利用 MSN 服務","ok","skipped","https://blog.mozilla.com.tw/?p=1572","https://web.archive.org/web/20190824001628/https://blog.mozilla.com.tw/posts/1572/mozilla-%e6%8e%a8%e5%87%ba-msn-%e7%89%b9%e5%88%a5%e7%89%88-firefox-%e7%80%8f%e8%a6%bd%e5%99%a8-%e4%bb%a5-bing-%e4%bd%9c%e7%82%ba%e9%a0%90%e8%a8%ad%e6%90%9c%e5%b0%8b%e5%bc%95%e6%93%8e%ef%bc%8c%e6%9c%89"
"1579","2012-12-03","12/02第一屆Firefox校園大使訓練營活動花絮(PART 1)","ok","skipped","https://blog.mozilla.com.tw/?p=1579","https://web.archive.org/web/20160804210435/https://blog.mozilla.com.tw/posts/1579/122-%e7%ac%ac%e4%b8%80%e5%b1%86-firefox-%e6%a0%a1%e5%9c%92%e5%a4%a7%e4%bd%bf-%e8%a8%93%e7%b7%b4%e7%87%9f-%e6%b4%bb%e5%8b%95%e8%8a%b1%e7%b5%ae-part-1"
"1626","2012-12-06","12/6 嘉義大學校園演講 – Mozilla、HTML5 與 Firefox OS","ok","skipped","https://blog.mozilla.com.tw/?p=1626","https://web.archive.org/web/20201231235959/https://blog.mozilla.com.tw/events/126-%e5%98%89%e7%be%a9%e5%a4%a7%e5%ad%b8%e6%a0%a1%e5%9c%92%e6%bc%94%e8%ac%9b-mozilla%e3%80%81html5-%e8%88%87-firefox-os"
"1628","2012-12-06","WebRTC，讓 Social API 更 Social","ok","skipped","https://blog.mozilla.com.tw/?p=1628","https://web.archive.org/web/20160804184347/https://blog.mozilla.com.tw/posts/1628/webrtc%ef%bc%8c%e8%ae%93-social-api-%e6%9b%b4-social"
"1636","2012-12-07","12/02第一屆Firefox校園大使訓練營活動花絮(PART 2)","ok","ok","https://blog.mozilla.com.tw/?p=1636","https://web.archive.org/web/20191019125156/https://blog.mozilla.com.tw/?p=1636"
"1680","2012-12-11","「狐迷召集令」得獎名單公佈","ok","ok","https://blog.mozilla.com.tw/?p=1680","https://web.archive.org/web/20190825010158/https://blog.mozilla.com.tw/posts/1680/%e3%80%8c%e7%8b%90%e8%bf%b7%e5%8f%ac%e9%9b%86%e4%bb%a4%e3%80%8d%e5%be%97%e7%8d%8e%e5%90%8d%e5%96%ae%e5%85%ac%e4%bd%88"
"1693","2012-12-13","12/13 元智大學校園演講 – Mozilla and the Open Web","ok","skipped","https://blog.mozilla.com.tw/?p=1693","https://web.archive.org/web/20201231235959/https://blog.mozilla.com.tw/events/1213-%e5%85%83%e6%99%ba%e5%a4%a7%e5%ad%b8%e6%a0%a1%e5%9c%92%e6%bc%94%e8%ac%9b-mozilla-and-the-open-web"
"1695","2012-12-12","可分頁的「隱私瀏覽功能」首度登陸 Firefox Nightly 版！","ok","skipped","https://blog.mozilla.com.tw/?p=1695","https://web.archive.org/web/20160804210402/https://blog.mozilla.com.tw/posts/1695/%e5%8f%af%e5%88%86%e9%a0%81%e7%9a%84%e3%80%8c%e9%9a%b1%e7%a7%81%e7%80%8f%e8%a6%bd%e5%8a%9f%e8%83%bd%e3%80%8d%e9%a6%96%e5%ba%a6%e7%99%bb%e9%99%b8-firefox-nightly-%e7%89%88%e6%9c%ac%ef%bc%81"
"1706","2012-12-17","Mozilla 2012 全體動員令","ok","ok","https://blog.mozilla.com.tw/?p=1706","https://web.archive.org/web/20190824001628/https://blog.mozilla.com.tw/posts/1706/mozilla-2012-%e5%85%a8%e9%ab%94%e5%8b%95%e5%93%a1%e4%bb%a4"
"1714","2012-12-26","關於 Mozilla 開發者社群網站，你不能不知道的十件事！（PART 1）","ok","skipped","https://blog.mozilla.com.tw/?p=1714","https://web.archive.org/web/20190824000335/https://blog.mozilla.com.tw/posts/1714/%e9%97%9c%e6%96%bc-mozilla%e9%96%8b%e7%99%bc%e8%80%85%e7%a4%be%e7%be%a4%e7%b6%b2%e7%ab%99%ef%bc%8c%e4%bd%a0%e4%b8%8d%e5%be%97%e4%b8%8d%e7%9f%a5%e9%81%93%e7%9a%84%e5%8d%81%e4%bb%b6%e4%ba%8b%ef%bc%81"
"1723","2012-12-28","關於 Mozilla 開發者社群網站，你不能不知道的十件事！（PART 2）","ok","skipped","https://blog.mozilla.com.tw/?p=1723","https://web.archive.org/web/20160804175412/https://blog.mozilla.com.tw/posts/1723/%e9%97%9c%e6%96%bc-mozilla-%e9%96%8b%e7%99%bc%e8%80%85%e7%a4%be%e7%be%a4%e7%b6%b2%e7%ab%99%ef%bc%8c%e4%bd%a0%e4%b8%8d%e8%83%bd%e4%b8%8d%e7%9f%a5%e9%81%93%e7%9a%84%e5%8d%81%e4%bb%b6%e4%ba%8b%ef%bc%81"
"1748","2013-01-09","新版 Firefox 桌機、行動盛大推出！","ok","skipped","https://blog.mozilla.com.tw/?p=1748","https://web.archive.org/web/20190824001628/https://blog.mozilla.com.tw/posts/1748/%e6%96%b0%e7%89%88-firefox-%e6%a1%8c%e6%a9%9f%e3%80%81%e8%a1%8c%e5%8b%95%e7%9b%9b%e5%a4%a7%e6%8e%a8%e5%87%ba%ef%bc%81"
"1753","2013-01-11","Firefox for Android Beta 開啓中文行動瀏覽體驗，並擴大ARMv6 手機支援！","ok","skipped","https://blog.mozilla.com.tw/?p=1753","https://web.archive.org/web/20190824001628/https://blog.mozilla.com.tw/posts/1753/firefox-for-android-beta-%e9%96%8b%e5%95%93%e4%b8%ad%e6%96%87%e8%a1%8c%e5%8b%95%e7%80%8f%e8%a6%bd%e9%ab%94%e9%a9%97%ef%bc%8c%e4%b8%a6%e6%93%b4%e5%a4%a7armv6-%e6%89%8b%e6%a9%9f%e6%94%af%e6%8f%b4"
"1762","2013-01-11","Firefox Beta 新增內建 PDF 文件閱讀器，純 HTML5 和 JavaScript 技術打造","ok","skipped","https://blog.mozilla.com.tw/?p=1762","https://web.archive.org/web/20190824001628/https://blog.mozilla.com.tw/posts/1762/%e6%90%b6%e5%85%88%e6%b8%ac%e8%a9%a6%ef%bc%81firefox-beta%e6%96%b0%e5%a2%9e%e7%80%8f%e8%a6%bd%e5%99%a8%e5%85%a7%e5%bb%bapdf-%e6%96%87%e4%bb%b6%e9%96%b1%e8%ae%80%e5%99%a8%ef%bc%8c%e7%b4%94-html5"
"1774","2013-01-15","[ 安全公告 ] 遠離 Java 安全性漏洞，確保使用者安全！","ok","skipped","https://blog.mozilla.com.tw/?p=1774","https://web.archive.org/web/20190824010142/https://blog.mozilla.com.tw/posts/1774/%e5%ae%89%e5%85%a8%e5%85%ac%e5%91%8a-%e9%81%a0%e9%9b%a2-java-%e5%ae%89%e5%85%a8%e6%80%a7%e6%bc%8f%e6%b4%9e%ef%bc%8c%e7%a2%ba%e4%bf%9d%e4%bd%bf%e7%94%a8%e8%80%85%e5%ae%89%e5%85%a8%ef%bc%81"
"1786","2013-01-16","[ 行動 App 開發密技 ] 發佈 App 至 Mozilla Marketplace","ok","skipped","https://blog.mozilla.com.tw/?p=1786","https://web.archive.org/web/20201231235959/https://blog.mozilla.com.tw/posts/1786/%e8%a1%8c%e5%8b%95-app-%e9%96%8b%e7%99%bc%e5%af%86%e6%8a%80-%e7%99%bc%e4%bd%88-app-%e8%87%b3-mozilla-marketplace"
"1794","2013-01-18","[ 活動公告 ] 1/26 Firefox OS App Days 報名入選名單","ok","ok","https://blog.mozilla.com.tw/?p=1794","https://web.archive.org/web/20150924074859/https://blog.mozilla.com.tw/posts/1794/%e6%b4%bb%e5%8b%95%e5%85%ac%e5%91%8a-126-firefox-os-app-days-%e5%a0%b1%e5%90%8d%e5%85%a5%e9%81%b8%e5%90%8d%e5%96%ae"
"1805","2013-01-23","[ 行動 App 開發密技 ] Firefox OS Web API 參考文件","ok","skipped","https://blog.mozilla.com.tw/?p=1805","https://web.archive.org/web/20201231235959/https://blog.mozilla.com.tw/posts/1805/%e8%a1%8c%e5%8b%95-app-%e9%96%8b%e7%99%bc%e5%af%86%e6%8a%80-firefox-os-web-api-%e5%8f%83%e8%80%83%e6%96%87%e4%bb%b6"
"1813","2013-01-24","[ 行動 App 開發密技 ] Remote-debugger","ok","ok","https://blog.mozilla.com.tw/?p=1813","https://web.archive.org/web/20201231235959/https://blog.mozilla.com.tw/posts/1813/%e8%a1%8c%e5%8b%95-app-%e9%96%8b%e7%99%bc%e5%af%86%e6%8a%80-remote-debugger"
"1821","2013-01-25","Firefox OS 開發者預覽版手機亮相！","ok","skipped","https://blog.mozilla.com.tw/?p=1821","https://web.archive.org/web/20150912063624/https://blog.mozilla.com.tw/posts/1821/firefox-os-%e9%96%8b%e7%99%bc%e8%80%85%e9%a0%90%e8%a6%bd%e7%89%88%e6%89%8b%e6%a9%9f%e4%ba%ae%e7%9b%b8%ef%bc%81"
"1828","2013-01-30","Mozilla Firefox Flicks 全球微影片召集令開跑！","ok","skipped","https://blog.mozilla.com.tw/?p=1828","https://web.archive.org/web/20150910052505/https://blog.mozilla.com.tw/posts/1828/mozilla-firefox-flicks-%e5%85%a8%e7%90%83%e5%bd%b1%e7%89%87%e5%8f%ac%e9%9b%86%e4%bb%a4%e5%bc%b7%e5%8a%9b%e9%96%8b%e8%b7%91"
"1846","2013-01-31","1/26 Firefox OS App Days 活動花絮","ok","skipped","https://blog.mozilla.com.tw/?p=1846","https://web.archive.org/web/20190825010158/https://blog.mozilla.com.tw/posts/1846/126-firefox-os-app-days-%e6%b4%bb%e5%8b%95%e8%8a%b1%e7%b5%ae"
"1894","2013-02-01","『除舊佈新，Firefox 祝你蛇年行大運！』得獎名單公告","ok","ok","https://blog.mozilla.com.tw/?p=1894","https://web.archive.org/web/20190825010158/https://blog.mozilla.com.tw/posts/1894/%e3%80%8e%e9%99%a4%e8%88%8a%e4%bd%88%e6%96%b0%ef%bc%8cfirefox-%e7%a5%9d%e4%bd%a0%e8%9b%87%e5%b9%b4%e8%a1%8c%e5%a4%a7%e9%81%8b%ef%bc%81%e3%80%8f%e5%be%97%e7%8d%8e%e5%90%8d%e5%96%ae%e5%85%ac%e5%91%8a"
"1899","2013-02-01","透過 Click to Play 功能，外掛程式啟用由您自訂","ok","ok","https://blog.mozilla.com.tw/?p=1899","https://web.archive.org/web/20150921045416/https://blog.mozilla.com.tw/posts/1899/%e9%80%8f%e9%81%8e-click-to-play-%e5%8a%9f%e8%83%bd%ef%bc%8c%e5%a4%96%e6%8e%9b%e7%a8%8b%e5%bc%8f%e5%95%9f%e7%94%a8%e7%94%b1%e6%82%a8%e8%87%aa%e8%a8%82"
"1903","2013-02-05","史上第一次，Firefox 與 Chrome 跨瀏覽器新利器 – WebRTC","ok","skipped","https://blog.mozilla.com.tw/?p=1903","https://web.archive.org/web/20150612114159/https://blog.mozilla.com.tw/posts/1903/%e5%8f%b2%e4%b8%8a%e7%ac%ac%e4%b8%80%e6%ac%a1%ef%bc%8cfirefox-%e8%88%87-chrome-%e8%b7%a8%e7%80%8f%e8%a6%bd%e5%99%a8%e8%a6%96%e8%a8%8a%e6%96%b0%e5%8a%9f%e8%83%bd-webrtc"
"1915","2013-02-06","Firefox OS App Days 得獎專訪 – 第一名 When Arrival","ok","ok","https://blog.mozilla.com.tw/?p=1915","https://web.archive.org/web/20150927061705/https://blog.mozilla.com.tw/posts/1915/firefox-os-app-days-%e5%be%97%e7%8d%8e%e5%b0%88%e8%a8%aa-%e7%ac%ac%e4%b8%80%e5%90%8d-when-arrival"
"1927","2013-02-07","Firefox OS App Days 得獎專訪 – 第二名 Battery Fox","ok","skipped","https://blog.mozilla.com.tw/?p=1927","https://web.archive.org/web/20150927061645/https://blog.mozilla.com.tw/posts/1927/firefox-os-app-days-%e5%be%97%e7%8d%8e%e5%b0%88%e8%a8%aa-%e7%ac%ac%e4%ba%8c%e5%90%8d-battery-fox"
"1935","2013-02-08","Firefox OS App Days 得獎專訪 – 第三名之一 今天吃什麼","ok","skipped","https://blog.mozilla.com.tw/?p=1935","https://web.archive.org/web/20190825011315/https://blog.mozilla.com.tw/posts/1935/firefox-os-app-days-%e5%be%97%e7%8d%8e%e5%b0%88%e8%a8%aa-%e7%ac%ac%e4%b8%89%e5%90%8d%e4%b9%8b%e4%b8%80-%e4%bb%8a%e5%a4%a9%e5%90%83%e4%bb%80%e9%ba%bc"
"1941","2013-02-08","Firefox OS App Days 得獎專訪 – 第三名之二 Fudo Note","ok","skipped","https://blog.mozilla.com.tw/?p=1941","https://web.archive.org/web/20190825011315/https://blog.mozilla.com.tw/posts/1941/firefox-os-app-days-%e5%be%97%e7%8d%8e%e5%b0%88%e8%a8%aa-%e7%ac%ac%e4%b8%89%e5%90%8d%e4%b9%8b%e4%ba%8c-fudo-note"
"1945","2013-02-20","Firefox for Android 繁體中文全面支援，桌機版內建 PDF 文件閱讀器","ok","ok","https://blog.mozilla.com.tw/?p=1945","https://web.archive.org/web/20150401212200/https://blog.mozilla.com.tw/posts/1945/firefox-for-android-%e7%b9%81%e9%ab%94%e4%b8%ad%e6%96%87%e5%85%a8%e9%9d%a2%e6%94%af%e6%8f%b4"
"1968","2013-02-18","Firefox Flicks 全球微影片競賽開跑！好萊塢評審名單出爐","ok","skipped","https://blog.mozilla.com.tw/?p=1968","https://web.archive.org/web/20201231235959/https://blog.mozilla.com.tw/events/firefox-flicks%e5%85%a8%e7%90%83%e5%be%ae%e5%bd%b1%e7%89%87%e7%ab%b6%e8%b3%bd%e9%96%8b%e8%b7%91%ef%bc%81%e5%a5%bd%e8%90%8a%e5%a1%a2%e8%a9%95%e5%af%a9%e5%90%8d%e5%96%ae%e5%87%ba%e7%88%90"
"1973","2013-02-21","『 Firefox 新春賀歲, 貼文分享過好年 』得獎名單公告","ok","ok","https://blog.mozilla.com.tw/?p=1973","https://web.archive.org/web/20150331011604/https://blog.mozilla.com.tw/posts/1973/%e3%80%8e-firefox-%e6%96%b0%e6%98%a5%e8%b3%80%e6%ad%b2-%e8%b2%bc%e6%96%87%e5%88%86%e4%ba%ab%e9%81%8e%e5%a5%bd%e5%b9%b4-%e3%80%8f%e5%be%97%e7%8d%8e%e5%90%8d%e5%96%ae%e5%85%ac%e5%91%8a"
"1978","2013-02-23","Firefox Beta 全新強化隱私瀏覽模式，可獨立開啓隱私瀏覽視窗！","ok","ok","https://blog.mozilla.com.tw/?p=1978","https://web.archive.org/web/20150919094018/https://blog.mozilla.com.tw/posts/1978/firefox-beta-%e5%85%a8%e6%96%b0%e5%bc%b7%e5%8c%96%e9%9a%b1%e7%a7%81%e7%80%8f%e8%a6%bd%e6%a8%a1%e5%bc%8f%ef%bc%8c%e5%8f%af%e7%8d%a8%e7%ab%8b%e9%96%8b%e5%95%93%e9%9a%b1%e7%a7%81%e7%80%8f%e8%a6%bd"
"1991","2013-02-25","Mozilla 全球佈局 ，Firefox OS 大步邁入行動市場！","ok","skipped","https://blog.mozilla.com.tw/?p=1991","https://web.archive.org/web/20190824002718/https://blog.mozilla.com.tw/posts/1991/mozilla-%e5%85%a8%e7%90%83%e4%bd%88%e5%b1%80-%ef%bc%8cfirefox-os-%e5%a4%a7%e6%ad%a5%e9%82%81%e5%85%a5%e8%a1%8c%e5%8b%95%e5%b8%82%e5%a0%b4%ef%bc%81"
"1998","2013-02-25","Firefox OS 無需下載即可使用 App；Firefox Marketplace 火力全開","ok","skipped","https://blog.mozilla.com.tw/?p=1998","https://web.archive.org/web/20190824002718/https://blog.mozilla.com.tw/posts/1998/%e5%89%b5%e6%96%b0%ef%bc%81firefox-os-%e7%84%a1%e9%9c%80%e4%b8%8b%e8%bc%89%e5%8d%b3%e5%8f%af%e4%bd%bf%e7%94%a8-app%ef%bc%8cfirefox-marketplace-%e8%ae%93-web-app-%e7%81%ab%e5%8a%9b%e5%85%a8%e9%96%8b"
"2006","2013-02-26","Mozilla 行動市場總動員：走出自己的路！","ok","skipped","https://blog.mozilla.com.tw/?p=2006","https://web.archive.org/web/20190824002718/https://blog.mozilla.com.tw/posts/2006/mozilla-%e8%a1%8c%e5%8b%95%e5%b8%82%e5%a0%b4%e7%b8%bd%e5%8b%95%e5%93%a1%ef%bc%9a%e8%b5%b0%e5%87%ba%e8%87%aa%e5%b7%b1%e7%9a%84%e8%b7%af%ef%bc%81"
"2011","2013-02-26","Firefox for Android Beta 許您獨一無二的瀏覽體驗，再添隱私瀏覽模式","ok","ok","https://blog.mozilla.com.tw/?p=2011","https://web.archive.org/web/20150524195809/https://blog.mozilla.com.tw/posts/2011/firefox-for-android-beta-%e8%a8%b1%e6%82%a8%e7%8d%a8%e4%b8%80%e7%84%a1%e4%ba%8c%e7%9a%84%e7%80%8f%e8%a6%bd%e9%ab%94%e9%a9%97%ef%bc%8c%e5%86%8d%e6%b7%bb%e9%9a%b1%e7%a7%81%e7%80%8f%e8%a6%bd%e6%a8%a1"
"2030","2013-03-05","WebRTC－手機隨時分享、掌握所有資訊！","ok","partial_assets_failed","https://blog.mozilla.com.tw/?p=2030","https://web.archive.org/web/20160918200852/https://blog.mozilla.com.tw/posts/2030/webrtc-%e6%89%8b%e6%a9%9f%e9%9a%a8%e6%99%82%e5%88%86%e4%ba%ab%e3%80%81%e6%8e%8c%e6%8f%a1%e6%89%80%e6%9c%89%e8%b3%87%e8%a8%8a%ef%bc%81"
"2042","2013-03-08","台灣版 Firefox – Open Beta 開放測試中！外觀介紹搶先看！","ok","skipped","https://blog.mozilla.com.tw/?p=2042","https://web.archive.org/web/20201231235959/https://blog.mozilla.com.tw/posts/2042/%e5%8f%b0%e7%81%a3%e7%89%88-firefox-open-beta-%e9%96%8b%e6%94%be%e6%b8%ac%e8%a9%a6%e4%b8%ad"
"2066","2013-03-12","4 個快捷鍵可讓 Firefox 更快搜尋所需！","ok","skipped","https://blog.mozilla.com.tw/?p=2066","https://web.archive.org/web/20201231235959/https://blog.mozilla.com.tw/posts/2066/4-%e5%80%8b%e5%bf%ab%e6%8d%b7%e9%8d%b5%e5%8f%af%e8%ae%93-firefox-%e6%9b%b4%e5%bf%ab%e6%90%9c%e5%b0%8b%e6%89%80%e9%9c%80%ef%bc%81"
"2070","2013-03-13","大聲說出來！台灣版 Firefox – Open Beta 測試意見強力召集中！","ok","skipped","https://blog.mozilla.com.tw/?p=2070","https://web.archive.org/web/20201231235959/https://blog.mozilla.com.tw/posts/2070/%e5%a4%a7%e8%81%b2%e8%aa%aa%e5%87%ba%e4%be%86%ef%bc%81%e5%8f%b0%e7%81%a3%e7%89%88-firefox-open-beta-%e6%b8%ac%e8%a9%a6%e6%84%8f%e8%a6%8b%e5%bc%b7%e5%8a%9b%e5%8f%ac%e9%9b%86%e4%b8%ad%ef%bc%81"
"2093","2013-03-14","Firefox OS 模擬器 – 搶先預覽 3.0 版","ok","skipped","https://blog.mozilla.com.tw/?p=2093","https://web.archive.org/web/20150919095627/https://blog.mozilla.com.tw/posts/2093/firefox-os-%e6%a8%a1%e6%93%ac%e5%99%a8-%e6%90%b6%e5%85%88%e4%ba%86%e8%a7%a3-3-0-%e7%89%88"
"2110","2013-03-19","Firefox 為你的 Google 閱讀器找到另一種選擇","ok","ok","https://blog.mozilla.com.tw/?p=2110","https://web.archive.org/web/20201231235959/https://blog.mozilla.com.tw/posts/2110/firefox-%e7%82%ba%e4%bd%a0%e7%9a%84-google-%e9%96%b1%e8%ae%80%e5%99%a8%e6%89%be%e5%88%b0%e5%8f%a6%e4%b8%80%e7%a8%ae%e9%81%b8%e6%93%87"
"2114","2013-03-20","在 Firefox OS 上建立付費 App","ok","skipped","https://blog.mozilla.com.tw/?p=2114","https://web.archive.org/web/20170710074256/https://blog.mozilla.com.tw/posts/2114/%e5%9c%a8-firefox-os-%e4%b8%8a%e5%bb%ba%e7%ab%8b%e4%bb%98%e8%b2%bb-app"
"2138","2013-03-21","開放徽章 (Open Badges) 1.0 正式推出，線上認證開跑！","ok","skipped","https://blog.mozilla.com.tw/?p=2138","https://web.archive.org/web/20170613112644/https://blog.mozilla.com.tw/posts/2138/%E9%96%8B%E6%94%BE%E5%BE%BD%E7%AB%A0-open-badges-1-0-%E6%AD%A3%E5%BC%8F%E6%8E%A8%E5%87%BA%EF%BC%8C%E7%B7%9A%E4%B8%8A%E8%AA%8D%E8%AD%89%E6%B2%92%E7%85%A9%E6%83%B1%EF%BC%81"
"2152","2013-03-25","WebRTC 輕鬆上手 – 使用 conversat.io 實際玩！","ok","skipped","https://blog.mozilla.com.tw/?p=2152","https://web.archive.org/web/20170710073420/https://blog.mozilla.com.tw/posts/2152/webrtc-%e8%bc%95%e9%ac%86%e4%b8%8a%e6%89%8b-%e4%bd%bf%e7%94%a8-conversat-io-%e5%af%a6%e9%9a%9b%e7%8e%a9%ef%bc%81"
"2196","2013-03-28","Mozilla 正解放 Web 的遊戲平台潛力","ok","skipped","https://blog.mozilla.com.tw/?p=2196","https://web.archive.org/web/20201231235959/https://blog.mozilla.com.tw/posts/2196/mozilla-%e6%ad%a3%e8%a7%a3%e6%94%be-web-%e7%9a%84%e9%81%8a%e6%88%b2%e5%b9%b3%e5%8f%b0%e6%bd%9b%e5%8a%9b"
"2215","2013-04-01","WebRTC 輕鬆上手 – 使用 conversat.io 實際玩！（Part 2）","ok","skipped","https://blog.mozilla.com.tw/?p=2215","https://web.archive.org/web/20201231235959/https://blog.mozilla.com.tw/posts/2215/webrtc-%e8%bc%95%e9%ac%86%e4%b8%8a%e6%89%8b-%e4%bd%bf%e7%94%a8-conversat-io-%e5%af%a6%e9%9a%9b%e7%8e%a9%ef%bc%81%ef%bc%88part-2%ef%bc%89"
"2221","2013-04-02","生日快樂！Mozilla 滿 15 歲囉！","ok","skipped","https://blog.mozilla.com.tw/?p=2221","https://web.archive.org/web/20150910065515/https://blog.mozilla.com.tw/posts/2221/mozilla-%e6%bb%bf-15-%e6%ad%b2%e5%9b%89%ef%bc%81"
"2235","2013-04-03","Firefox 桌面版、Firefox for Android 隱私功能聯手大躍進！","ok","skipped","https://blog.mozilla.com.tw/?p=2235","https://web.archive.org/web/20190824003851/https://blog.mozilla.com.tw/posts/2235/firefox-%e6%a1%8c%e6%a9%9f%e7%89%88%e3%80%81firefox-for-android-%e9%9a%b1%e7%a7%81%e5%8a%9f%e8%83%bd%e8%81%af%e6%89%8b%e5%a4%a7%e8%ba%8d%e9%80%b2%ef%bc%81"
"2240","2013-04-04","Mozilla 基金會執行長 Mitchell Baker：慶祝 15 年的美好 Web","ok","skipped","https://blog.mozilla.com.tw/?p=2240","https://web.archive.org/web/20150907215650/https://blog.mozilla.com.tw/posts/2240/mozilla-%e5%9f%ba%e9%87%91%e6%9c%83%e5%9f%b7%e8%a1%8c%e9%95%b7-mitchell-baker%ef%bc%9a%e6%85%b6%e7%a5%9d-15-%e5%b9%b4%e7%9a%84%e7%be%8e%e5%a5%bd-web"
"2256","2013-04-05","Firefox Beta 讓您的「Do Not Track」功能選項再升級！","ok","skipped","https://blog.mozilla.com.tw/?p=2256","https://web.archive.org/web/20201231235959/https://blog.mozilla.com.tw/posts/2256/firefox-beta-%e8%ae%93%e6%82%a8%e7%9a%84%e3%80%8cdo-not-track%e3%80%8d%e5%8a%9f%e8%83%bd%e9%81%b8%e9%a0%85%e5%86%8d%e5%8d%87%e7%b4%9a%ef%bc%81"
"2260","2013-04-05","Firefox for Android Beta 另搭配開放源碼的字型與強化的 HTML5","ok","skipped","https://blog.mozilla.com.tw/?p=2260","https://web.archive.org/web/20201231235959/https://blog.mozilla.com.tw/posts/2260/firefox-for-android-beta-%e5%8f%a6%e6%90%ad%e9%85%8d%e9%96%8b%e6%94%be%e6%ba%90%e7%a2%bc%e7%9a%84%e5%ad%97%e5%9e%8b%e8%88%87%e5%bc%b7%e5%8c%96%e7%9a%84-html5"
"2271","2013-04-08","Firefox 新整合的社群功能","ok","skipped","https://blog.mozilla.com.tw/?p=2271","https://web.archive.org/web/20201231235959/https://blog.mozilla.com.tw/posts/2271/firefox-%e6%96%b0%e6%95%b4%e5%90%88%e7%9a%84%e7%a4%be%e7%be%a4%e5%8a%9f%e8%83%bd-2"
"2276","2013-04-08","Mozilla 與三星合作開發新一代的 Web 瀏覽器引擎","ok","skipped","https://blog.mozilla.com.tw/?p=2276","https://web.archive.org/web/20201231235959/https://blog.mozilla.com.tw/posts/2276/mozilla-%e8%88%87%e4%b8%89%e6%98%9f%e5%90%88%e4%bd%9c%e9%96%8b%e7%99%bc%e6%96%b0%e4%b8%80%e4%bb%a3%e7%9a%84-web-%e7%80%8f%e8%a6%bd%e5%99%a8%e5%bc%95%e6%93%8e"
"2284","2013-04-10","Social API 日益強大，Firefox 測試版加入更多社群廠商！","ok","skipped","https://blog.mozilla.com.tw/?p=2284","https://web.archive.org/web/20201231235959/https://blog.mozilla.com.tw/posts/2284/social-api-%e6%97%a5%e7%9b%8a%e5%bc%b7%e5%a4%a7%ef%bc%8cfirefox-%e6%b8%ac%e8%a9%a6%e7%89%88%e5%8a%a0%e5%85%a5%e6%9b%b4%e5%a4%9a%e7%a4%be%e7%be%a4%e5%bb%a0%e5%95%86%ef%bc%81"
"2289","2013-04-10","Persona Beta 2 正式登場，讓數百萬人輕鬆且安全的登入網站！","ok","skipped","https://blog.mozilla.com.tw/?p=2289","https://web.archive.org/web/20160806003732/https://blog.mozilla.com.tw/posts/2289/persona-beta-2-%e6%ad%a3%e5%bc%8f%e7%99%bb%e5%a0%b4%ef%bc%8c%e8%ae%93%e6%95%b8%e7%99%be%e8%90%ac%e4%ba%ba%e8%bc%95%e9%ac%86%e4%b8%94%e5%ae%89%e5%85%a8%e7%9a%84%e7%99%bb%e5%85%a5%e7%b6%b2%e7%ab%99"
"2295","2013-04-11","網路付款 navigator.mozPay() 介紹","ok","skipped","https://blog.mozilla.com.tw/?p=2295","https://web.archive.org/web/20160415164758/https://blog.mozilla.com.tw/posts/2295/%E7%B6%B2%E8%B7%AF%E4%BB%98%E6%AC%BE-navigator-mozpay-%E4%BB%8B%E7%B4%B9"
"2310","2013-04-11","第二屆 Firefox 校園大使招募中 歡迎你的加入！","ok","skipped","https://blog.mozilla.com.tw/?p=2310","https://web.archive.org/web/20191019131100/https://blog.mozilla.com.tw/?p=2310"
"2322","2013-04-12","「趣味快問快答」得獎名單公佈","ok","skipped","https://blog.mozilla.com.tw/?p=2322","https://web.archive.org/web/20190825011315/https://blog.mozilla.com.tw/posts/2322/%e3%80%8c%e8%b6%a3%e5%91%b3%e5%bf%ab%e5%95%8f%e5%bf%ab%e7%ad%94%e3%80%8d%e5%be%97%e7%8d%8e%e5%90%8d%e5%96%ae%e5%85%ac%e4%bd%88-2"
"2332","2013-04-15","「3 月電子報有獎徵答」得獎名單公佈","ok","skipped","https://blog.mozilla.com.tw/?p=2332","https://web.archive.org/web/20190825011315/https://blog.mozilla.com.tw/posts/2332/%e3%80%8c3-%e6%9c%88%e9%9b%bb%e5%ad%90%e5%a0%b1%e3%80%8d%e5%be%97%e7%8d%8e%e5%90%8d%e5%96%ae%e5%85%ac%e4%bd%88"
"2345","2013-04-17","Firefox 22 更酷炫的開發工具","ok","skipped","https://blog.mozilla.com.tw/?p=2345","https://web.archive.org/web/20171114204219/https://blog.mozilla.com.tw/posts/2345/firefox-22-%E6%9B%B4%E9%85%B7%E7%82%AB%E7%9A%84%E9%96%8B%E7%99%BC%E5%B7%A5%E5%85%B7"
"2376","2013-04-18","偵測觸碰事件：重點在「原因」而非「方法」─ 上篇","ok","skipped","https://blog.mozilla.com.tw/?p=2376","https://web.archive.org/web/20190824001316/https://blog.mozilla.com.tw/posts/2376/%e5%81%b5%e6%b8%ac%e8%a7%b8%e7%a2%b0%e4%ba%8b%e4%bb%b6%ef%bc%9a%e9%87%8d%e9%bb%9e%e5%9c%a8%e3%80%8c%e5%8e%9f%e5%9b%a0%e3%80%8d%e8%80%8c%e9%9d%9e%e3%80%8c%e6%96%b9%e6%b3%95%e3%80%8d%e2%94%80-%e4%b8%8a"
"2402","2013-04-22","偵測觸碰事件：重點在「原因」而非「方法」─ 下篇","ok","ok","https://blog.mozilla.com.tw/?p=2402","https://web.archive.org/web/20150920031543/https://blog.mozilla.com.tw/posts/2402/%e5%81%b5%e6%b8%ac%e8%a7%b8%e7%a2%b0%e4%ba%8b%e4%bb%b6%ef%bc%9a%e9%87%8d%e9%bb%9e%e5%9c%a8%e3%80%8c%e5%8e%9f%e5%9b%a0%e3%80%8d%e8%80%8c%e9%9d%9e%e3%80%8c%e6%96%b9%e6%b3%95%e3%80%8d%e2%94%80-%e4%b8%8b"
"2411","2013-04-19","WebRTC 後續更新：我們就快要發表WebRTC 第一版。歡迎來玩！","ok","skipped","https://blog.mozilla.com.tw/?p=2411","https://web.archive.org/web/20190824001316/https://blog.mozilla.com.tw/posts/2411/webrtc-%e5%be%8c%e7%ba%8c%e6%9b%b4%e6%96%b0%ef%bc%9a%e6%88%91%e5%80%91%e5%b0%b1%e5%bf%ab%e8%a6%81%e7%99%bc%e8%a1%a8webrtc-%e7%ac%ac%e4%b8%80%e7%89%88%e3%80%82%e6%ad%a1%e8%bf%8e%e4%be%86%e7%8e%a9"
"2447","2013-04-23","Geeksphone 從 4 月 23 日起開始販售 Firefox OS 開發者預覽手機！","ok","skipped","https://blog.mozilla.com.tw/?p=2447","https://web.archive.org/web/20150919210009/https://blog.mozilla.com.tw/posts/2447/geeksphone-%e5%be%9e-4-%e6%9c%88-23-%e6%97%a5%e8%b5%b7%e9%96%8b%e5%a7%8b%e8%b2%a9%e5%94%ae-firefox-os-%e9%96%8b%e7%99%bc%e9%a0%90%e8%a6%bd%e7%89%88%e6%89%8b%e6%a9%9f%ef%bc%81"
"2473","2013-04-25","Firefox Flicks 2013 Early Entry Awards 首輪得獎名單","ok","ok","https://blog.mozilla.com.tw/?p=2473","https://web.archive.org/web/20190825011315/https://blog.mozilla.com.tw/posts/2473/firefox-flicks-2013-early-entry-awards-%e9%a6%96%e8%bc%aa%e5%be%97%e7%8d%8e%e5%90%8d%e5%96%ae"
"2483","2013-04-25","Firefox Flicks 捷報！恭喜台灣「Anyone, Anywhere」微影片首度登上國際舞台！","ok","skipped","https://blog.mozilla.com.tw/?p=2483","https://web.archive.org/web/20180604003455/https://blog.mozilla.com.tw/posts/2483/firefox-flicks-%E6%8D%B7%E5%A0%B1%EF%BC%81%E6%81%AD%E5%96%9C%E5%8F%B0%E7%81%A3%E3%80%8Canyone-anywhere%E3%80%8D%E5%BE%AE%E5%BD%B1%E7%89%87%E9%A6%96%E5%BA%A6%E7%99%BB%E4%B8%8A%E5%9C%8B%E9%9A%9B"
"2490","2013-04-26","美國總統歐巴馬揭開 Mozilla 全新夏日活動的序幕","ok","skipped","https://blog.mozilla.com.tw/?p=2490","https://web.archive.org/web/20180228112814/https://blog.mozilla.com.tw/posts/2490/%E7%BE%8E%E5%9C%8B%E7%B8%BD%E7%B5%B1%E6%AD%90%E5%B7%B4%E9%A6%AC%E6%8F%AD%E9%96%8B-mozilla-%E5%85%A8%E6%96%B0%E5%A4%8F%E6%97%A5%E6%B4%BB%E5%8B%95%E7%9A%84%E5%BA%8F%E5%B9%95"
"2498","2013-04-30","不為人知的 Firefox 趣味隱藏版！","ok","skipped","https://blog.mozilla.com.tw/?p=2498","https://web.archive.org/web/20190824001316/https://blog.mozilla.com.tw/posts/2498/%e4%b8%8d%e7%82%ba%e4%ba%ba%e7%9f%a5%e7%9a%84-firefox-%e8%b6%a3%e5%91%b3%e9%9a%b1%e8%97%8f%e7%89%88%ef%bc%81"
"2507","2013-05-02","「Firefox 祕技」你在用哪個版本的 Firefox 呢？","ok","skipped","https://blog.mozilla.com.tw/?p=2507","https://web.archive.org/web/20201231235959/https://blog.mozilla.com.tw/posts/2507/%e4%bd%a0%e5%9c%a8%e7%94%a8%e5%93%aa%e5%80%8b%e7%89%88%e6%9c%ac%e7%9a%84-firefox-%e5%91%a2%ef%bc%9f"
"2516","2013-06-06","把 Firefox 的搜尋列與網址列合而為一","ok","ok","https://blog.mozilla.com.tw/?p=2516","https://web.archive.org/web/20201231235959/https://blog.mozilla.com.tw/posts/2516/%e6%8a%8a-firefox-%e7%9a%84%e6%90%9c%e5%b0%8b%e5%88%97%e8%88%87%e7%b6%b2%e5%9d%80%e5%88%97%e5%90%88%e8%80%8c%e7%82%ba%e4%b8%80"
"2527","2013-05-08","【Firefox 祕技】我們搬移並強化了「隱私瀏覽」功能","ok","skipped","https://blog.mozilla.com.tw/?p=2527","https://web.archive.org/web/20190824010142/https://blog.mozilla.com.tw/posts/2527/%e6%88%91%e5%80%91%e6%90%ac%e7%a7%bb%e4%b8%a6%e5%bc%b7%e5%8c%96%e4%ba%86%e3%80%8c%e9%9a%b1%e7%a7%81%e7%80%8f%e8%a6%bd%e3%80%8d%e5%8a%9f%e8%83%bd"
"2536","2013-05-09","【Firefox 祕技】Firefox for Android 為更多手機提供更多功能","ok","ok","https://blog.mozilla.com.tw/?p=2536","https://web.archive.org/web/20201231235959/https://blog.mozilla.com.tw/posts/2536/%e3%80%90firefox-%e7%a5%95%e6%8a%80%e3%80%91firefox-for-android-%e7%82%ba%e6%9b%b4%e5%a4%9a%e6%89%8b%e6%a9%9f%e6%8f%90%e4%be%9b%e6%9b%b4%e5%a4%9a%e5%8a%9f%e8%83%bd"
"2560","2013-05-03","Firefox OS Simulator 3.0 版來啦！","ok","ok","https://blog.mozilla.com.tw/?p=2560","https://web.archive.org/web/20160713162242/https://blog.mozilla.com.tw/posts/2560/firefox-os-simulator-3-0-%e7%89%88%e4%be%86%e5%95%a6%ef%bc%81"
"2581","2013-05-04","《戰爭機器》製作公司展現強大的 Web 遊戲平台","ok","ok","https://blog.mozilla.com.tw/?p=2581","https://web.archive.org/web/20160517085228/https://blog.mozilla.com.tw/posts/2581/%e7%94%b1%e3%80%8a%e6%88%b0%e7%88%ad%e6%a9%9f%e5%99%a8-gears-of-war%e3%80%8b%e7%b3%bb%e5%88%97%e8%a3%bd%e4%bd%9c%e5%85%ac%e5%8f%b8-epic-games-%e6%89%93%e9%80%a0%e7%9a%84%e3%80%8cepic-citadel"
"2653","2013-05-10","全新企劃：Phones for Apps for Firefox OS","ok","ok","https://blog.mozilla.com.tw/?p=2653","https://web.archive.org/web/20201231235959/https://blog.mozilla.com.tw/posts/2653/%e5%85%a8%e6%96%b0%e4%bc%81%e5%8a%83%ef%bc%9aphones-for-apps-for-firefox-os"
"2667","2013-05-15","全台狐迷總動員，Firefox 全新功能酷炫登場！","ok","ok","https://blog.mozilla.com.tw/?p=2667","https://web.archive.org/web/20150922001621/https://blog.mozilla.com.tw/posts/2667/%e5%85%a8%e5%8f%b0%e7%8b%90%e8%bf%b7%e7%b8%bd%e5%8b%95%e5%93%a1%ef%bc%8cfirefox-%e5%85%a8%e6%96%b0%e5%8a%9f%e8%83%bd%e9%85%b7%e7%82%ab%e7%99%bb%e5%a0%b4%ef%bc%81"
"2727","2013-05-24","5/24 政治大學校園演講 – Firefox OS Apps Workshop","ok","skipped","https://blog.mozilla.com.tw/?p=2727","https://web.archive.org/web/20201231235959/https://blog.mozilla.com.tw/events/524-%e6%94%bf%e6%b2%bb%e5%a4%a7%e5%ad%b8%e6%a0%a1%e5%9c%92%e6%bc%94%e8%ac%9b-firefox-os-apps-workshop"
"2734","2013-05-30","Firefox 的 5 項設定讓你安心悠遊網路","ok","skipped","https://blog.mozilla.com.tw/?p=2734","https://web.archive.org/web/20190824010142/https://blog.mozilla.com.tw/posts/2734/firefox-%e7%9a%84-5-%e9%a0%85%e8%a8%ad%e5%ae%9a%e8%ae%93%e4%bd%a0%e5%ae%89%e5%bf%83%e6%82%a0%e9%81%8a%e7%b6%b2%e8%b7%af"
"2751","2013-05-27","2013 JSDC 花絮報導","ok","ok","https://blog.mozilla.com.tw/?p=2751","https://web.archive.org/web/20190825012419/https://blog.mozilla.com.tw/posts/2751/2013-jsdc-%e8%8a%b1%e7%b5%ae%e5%a0%b1%e5%b0%8e"
"2773","2013-06-12","Firefox 分頁的 5 大使用秘訣","ok","partial_assets_failed","https://blog.mozilla.com.tw/?p=2773","https://web.archive.org/web/20170527100433/https://blog.mozilla.com.tw/posts/2773/firefox-%E5%88%86%E9%A0%81%E7%9A%84-5-%E5%A4%A7%E4%BD%BF%E7%94%A8%E7%A7%98%E8%A8%A3"
"2792","2013-05-31","動動手，讓自己的網頁嵌入 WebRTC 視訊聊天功能！","ok","partial_assets_failed","https://blog.mozilla.com.tw/?p=2792","https://web.archive.org/web/20201231235959/https://blog.mozilla.com.tw/posts/2792/%e5%8b%95%e5%8b%95%e6%89%8b%ef%bc%8c%e8%ae%93%e8%87%aa%e5%b7%b1%e7%9a%84%e7%b6%b2%e9%a0%81%e5%b5%8c%e5%85%a5-webrtc-%e8%a6%96%e8%a8%8a%e8%81%8a%e5%a4%a9%e5%8a%9f%e8%83%bd%ef%bc%81"
"2819","2013-06-10","寫好 Firefox OS 的 App 了嗎？快送進 Geeksphone 來玩玩吧！","ok","partial_assets_failed","https://blog.mozilla.com.tw/?p=2819","https://web.archive.org/web/20150513051811/https://blog.mozilla.com.tw/posts/2819/%e5%af%ab%e5%a5%bd-firefox-os-%e7%9a%84-app-%e4%ba%86%e5%97%8e%ef%bc%9f%e5%bf%ab%e9%80%81%e9%80%b2-geeksphone-%e4%be%86%e7%8e%a9%e7%8e%a9%e5%90%a7%ef%bc%81"
"2837","2013-06-03","軟硬結合 再下一城 鴻海攜手 Mozilla 合作Firefox OS開放平台","ok","skipped","https://blog.mozilla.com.tw/?p=2837","https://web.archive.org/web/20181216115157/https://blog.mozilla.com.tw/posts/2837/%E8%BB%9F%E7%A1%AC%E7%B5%90%E5%90%88-%E5%86%8D%E4%B8%8B%E4%B8%80%E5%9F%8E-%E9%B4%BB%E6%B5%B7%E6%94%9C%E6%89%8B-mozilla-%E5%90%88%E4%BD%9Cfirefox-os%E9%96%8B%E6%94%BE%E5%B9%B3%E5%8F%B0"
"2842","2013-06-20","Firefox 有新的下載管理員功能囉！","ok","partial_assets_failed","https://blog.mozilla.com.tw/?p=2842","https://web.archive.org/web/20190824002920/https://blog.mozilla.com.tw/posts/2842/firefox-%e6%9c%89%e6%96%b0%e7%9a%84%e4%b8%8b%e8%bc%89%e7%ae%a1%e7%90%86%e5%93%a1%e5%8a%9f%e8%83%bd%e5%9b%89%ef%bc%81"
"2863","2013-06-22","狐狐工作坊 – Firefox OS Apps Workshop","ok","skipped","https://blog.mozilla.com.tw/?p=2863","https://web.archive.org/web/20201231235959/https://blog.mozilla.com.tw/events/firefox-os-apps-workshop"
"2867","2013-06-06","2013 亞洲移動通信博覽會 Firefox OS 與你相約，6/26 – 6/28 引爆上海！","ok","skipped","https://blog.mozilla.com.tw/?p=2867","https://web.archive.org/web/20201231235959/https://blog.mozilla.com.tw/events/2013-gsma-%e4%ba%9e%e6%b4%b2%e7%a7%bb%e5%8b%95%e9%80%9a%e4%bf%a1%e5%8d%9a%e8%a6%bd%e6%9c%83-firefox-os-%e8%88%87%e4%bd%a0%e7%9b%b8%e7%b4%84%ef%bc%8c626-628-%e5%bc%95%e7%88%86%e4%b8%8a%e6%b5%b7"
"2882","2013-06-17","確認自己下載了真正的 Firefox，也同時小心間諜或詐騙軟體！","ok","partial_assets_failed","https://blog.mozilla.com.tw/?p=2882","https://web.archive.org/web/20150923115109/https://blog.mozilla.com.tw/posts/2882/%e7%a2%ba%e8%aa%8d%e8%87%aa%e5%b7%b1%e4%b8%8b%e8%bc%89%e4%ba%86%e7%9c%9f%e6%ad%a3%e7%9a%84-firefox%ef%bc%8c%e4%b9%9f%e5%90%8c%e6%99%82%e5%b0%8f%e5%bf%83%e9%96%93%e8%ab%9c%e6%88%96%e8%a9%90%e9%a8%99"
"2902","2013-06-14","就是要好玩的 Firefox 附加元件！","ok","partial_assets_failed","https://blog.mozilla.com.tw/?p=2902","https://web.archive.org/web/20190824002920/https://blog.mozilla.com.tw/posts/2902/%e5%b0%b1%e6%98%af%e8%a6%81%e5%a5%bd%e7%8e%a9%e7%9a%84-firefox-%e9%99%84%e5%8a%a0%e5%85%83%e4%bb%b6%ef%bc%81"
"2910","2013-06-17","「5 月電子報有獎徵答」得獎名單公佈","ok","partial_assets_failed","https://blog.mozilla.com.tw/?p=2910","https://web.archive.org/web/20190825012419/https://blog.mozilla.com.tw/posts/2910/%e3%80%8c5-%e6%9c%88%e9%9b%bb%e5%ad%90%e5%a0%b1%e6%9c%89%e7%8d%8e%e5%be%b5%e7%ad%94%e3%80%8d%e5%be%97%e7%8d%8e%e5%90%8d%e5%96%ae%e5%85%ac%e4%bd%88"
"2912","2013-06-18","大家一起來認識 Mozilla Science Lab","ok","skipped","https://blog.mozilla.com.tw/?p=2912","https://web.archive.org/web/20190825012419/https://blog.mozilla.com.tw/posts/2912/%e5%a4%a7%e5%ae%b6%e4%b8%80%e8%b5%b7%e4%be%86%e8%aa%8d%e8%ad%98-mozilla-science-lab"
"2935","2013-06-26","多款 Firefox OS 手機亮相亞洲移動通信博覽會","ok","partial_assets_failed","https://blog.mozilla.com.tw/?p=2935","https://web.archive.org/web/20190824003851/https://blog.mozilla.com.tw/posts/2935/%e5%a4%9a%e6%ac%be-firefox-os-%e6%89%8b%e6%a9%9f%e4%ba%ae%e7%9b%b8%e4%ba%9e%e6%b4%b2%e7%a7%bb%e5%8b%95%e9%80%9a%e4%bf%a1%e5%8d%9a%e8%a6%bd%e6%9c%83"
"2945","2013-06-27","Firefox 在 Web 上提供 3D 遊戲、視訊電話、檔案共享功能！","ok","partial_assets_failed","https://blog.mozilla.com.tw/?p=2945","https://web.archive.org/web/20150924170429/https://blog.mozilla.com.tw/posts/2945/firefox-%e5%9c%a8-web-%e4%b8%8a%e6%8f%90%e4%be%9b-3d-%e9%81%8a%e6%88%b2%e3%80%81%e8%a6%96%e8%a8%8a%e9%9b%bb%e8%a9%b1%e3%80%81%e6%aa%94%e6%a1%88%e5%85%b1%e4%ba%ab%e5%8a%9f%e8%83%bd%ef%bc%81"
"2954","2013-06-28","全新 Firefox Logo 與 Firefox Beta 版亮眼登場！","ok","partial_assets_failed","https://blog.mozilla.com.tw/?p=2954","https://web.archive.org/web/20150923121332/https://blog.mozilla.com.tw/posts/2954/%e5%85%a8%e6%96%b0-firefox-logo-%e8%88%87-firefox-beta-%e4%ba%ae%e7%9c%bc%e7%99%bb%e5%a0%b4%ef%bc%81"
"2962","2013-06-29","第二屆 Firefox 校園大使錄取名單","ok","skipped","https://blog.mozilla.com.tw/?p=2962","https://web.archive.org/web/20191019130457/https://blog.mozilla.com.tw/?p=2962"
"2978","2013-07-01","Mozilla 與合作夥伴即將發佈首款 Firefox OS 智慧型手機！","ok","skipped","https://blog.mozilla.com.tw/?p=2978","https://web.archive.org/web/20151017122924/https://blog.mozilla.com.tw/posts/2978/mozilla-%e8%88%87%e5%90%88%e4%bd%9c%e5%a4%a5%e4%bc%b4%e5%8d%b3%e5%b0%87%e7%99%bc%e4%bd%88%e9%a6%96%e6%ac%be-firefox-os-%e6%99%ba%e6%85%a7%e5%9e%8b%e6%89%8b%e6%a9%9f%ef%bc%81"
"2989","2013-07-02","快來更新並用力測試 Firefox OS 開發者預覽手機 Geeksphone","ok","partial_assets_failed","https://blog.mozilla.com.tw/?p=2989","https://web.archive.org/web/20150921054304/https://blog.mozilla.com.tw/posts/2989/%e5%bf%ab%e4%be%86%e6%9b%b4%e6%96%b0%e4%b8%a6%e7%94%a8%e5%8a%9b%e6%b8%ac%e8%a9%a6-firefox-os-%e9%96%8b%e7%99%bc%e8%80%85%e9%a0%90%e8%a6%bd%e6%89%8b%e6%a9%9f-geeksphone"
"3001","2013-07-03","5 個方法大聲散播 Firefox OS 上市的消息","ok","partial_assets_failed","https://blog.mozilla.com.tw/?p=3001","https://web.archive.org/web/20150922050616/https://blog.mozilla.com.tw/posts/3001/5-%e5%80%8b%e6%96%b9%e6%b3%95%e5%a4%a7%e8%81%b2%e6%95%a3%e6%92%ad-firefox-os-%e7%9a%84%e6%b6%88%e6%81%af"
"3017","2013-07-04","全新 Firefox 識別標誌 ─ 迎向 Firefox 的新世代","ok","ok","https://blog.mozilla.com.tw/?p=3017","https://web.archive.org/web/20201231235959/https://blog.mozilla.com.tw/posts/3017/%e5%85%a8%e6%96%b0-firefox-%e8%ad%98%e5%88%a5%e6%a8%99%e8%aa%8c-%e2%94%80-%e8%bf%8e%e5%90%91-firefox-%e7%9a%84%e6%96%b0%e4%b8%96%e4%bb%a3"
"3032","2013-07-04","2013 亞洲移動通信博覽會 Firefox OS 與你相約之花絮報導","ok","ok","https://blog.mozilla.com.tw/?p=3032","https://web.archive.org/web/20190825012419/https://blog.mozilla.com.tw/posts/3032/2013-%e4%ba%9e%e6%b4%b2%e7%a7%bb%e5%8b%95%e9%80%9a%e4%bf%a1%e5%8d%9a%e8%a6%bd%e6%9c%83-firefox-os-%e8%88%87%e4%bd%a0%e7%9b%b8%e7%b4%84%e4%b9%8b%e8%8a%b1%e7%b5%ae%e5%a0%b1%e5%b0%8e"
"3051","2013-08-03","到 COSCUP 2013 找 Mozilla！","ok","skipped","https://blog.mozilla.com.tw/?p=3051","https://web.archive.org/web/20201231235959/https://blog.mozilla.com.tw/events/%e5%88%b0-coscup-2013-%e6%89%be-mozilla"
"3070","2013-07-11","「2013 軟體創作達人暑期成長營」台南場、台北場演講花絮","ok","partial_assets_failed","https://blog.mozilla.com.tw/?p=3070","https://web.archive.org/web/20161016204332/https://blog.mozilla.com.tw/posts/3070/%e3%80%8c2013-%e8%bb%9f%e9%ab%94%e5%89%b5%e4%bd%9c%e9%81%94%e4%ba%ba%e6%9a%91%e6%9c%9f%e6%88%90%e9%95%b7%e7%87%9f%e3%80%8d%e5%8f%b0%e5%8d%97%e5%a0%b4%e3%80%81%e5%8f%b0%e5%8c%97%e5%a0%b4%e6%bc%94"
"3071","2013-07-12","第一屆優良 Firefox 校園大使名單","ok","skipped","https://blog.mozilla.com.tw/?p=3071","https://web.archive.org/web/20191019125859/https://blog.mozilla.com.tw/?p=3071"
"3092","2013-07-11","德國電信宣佈 Firefox OS 手機於歐洲上市！","ok","partial_assets_failed","https://blog.mozilla.com.tw/?p=3092","https://web.archive.org/web/20191113175135/https://blog.mozilla.com.tw/?p=3092"
"3100","2013-07-16","Firefox OS 裝置正式推出！","ok","partial_assets_failed","https://blog.mozilla.com.tw/?p=3100","https://web.archive.org/web/20191113171152/https://blog.mozilla.com.tw/?p=3100"
"3123","2013-07-17","Firefox OS 模擬器 4.0 發佈","ok","skipped","https://blog.mozilla.com.tw/?p=3123","https://web.archive.org/web/20150923131530/https://blog.mozilla.com.tw/posts/3123/firefox-os-%e6%a8%a1%e6%93%ac%e5%99%a8-4-0-%e7%99%bc%e4%bd%88"
"3139","2013-07-18","Firefox OS 所代表的意義","ok","skipped","https://blog.mozilla.com.tw/?p=3139","https://web.archive.org/web/20150921110050/https://blog.mozilla.com.tw/posts/3139/firefox-os-%e6%89%80%e4%bb%a3%e8%a1%a8%e7%9a%84%e6%84%8f%e7%be%a9"
"3157","2013-07-18","「6 月電子報有獎徵答」得獎名單公佈","ok","skipped","https://blog.mozilla.com.tw/?p=3157","https://web.archive.org/web/20190825012419/https://blog.mozilla.com.tw/posts/3157/%e3%80%8c6-%e6%9c%88%e9%9b%bb%e5%ad%90%e5%a0%b1%e6%9c%89%e7%8d%8e%e5%be%b5%e7%ad%94%e3%80%8d%e5%be%97%e7%8d%8e%e5%90%8d%e5%96%ae%e5%85%ac%e4%bd%88"
"3179","2013-07-19","開發者的 Firefox OS：讓 HTML5 得以完全發揮的平台","ok","partial_assets_failed","https://blog.mozilla.com.tw/?p=3179","https://web.archive.org/web/20190824003748/https://blog.mozilla.com.tw/posts/3179/%e6%90%9c%e5%b0%8b-app-%e6%89%8b%e6%a9%9f%e6%87%89%e7%94%a8%e7%a8%8b%e5%bc%8f-%e2%94%80-%e9%96%8b%e7%99%bc%e8%80%85%e7%9a%84-firefox-os-%e8%ae%93-html-5-%e5%be%97%e4%bb%a5%e5%ae%8c%e5%85%a8"
"3191","2013-07-19","Persona ─ 最適合個別品牌的網路身分識別服務","ok","skipped","https://blog.mozilla.com.tw/?p=3191","https://web.archive.org/web/20160804034041/https://blog.mozilla.com.tw/posts/3191/persona-%e2%94%80-%e6%9c%80%e9%81%a9%e5%90%88%e5%80%8b%e5%88%a5%e5%93%81%e7%89%8c%e7%9a%84%e7%b6%b2%e8%b7%af%e8%ba%ab%e5%88%86%e8%ad%98%e5%88%a5%e6%9c%8d%e5%8b%99"
"3233","2013-07-24","7/20 Hands-on 超精彩花絮報導！","ok","skipped","https://blog.mozilla.com.tw/?p=3233","https://web.archive.org/web/20190825012419/https://blog.mozilla.com.tw/posts/3233/720-hands-on-%e8%b6%85%e7%b2%be%e5%bd%a9%e8%8a%b1%e7%b5%ae%e5%a0%b1%e5%b0%8e%ef%bc%81"
"3235","2013-07-23","Mozilla 近期動態與每季度發表的 Firefox OS 版本","ok","skipped","https://blog.mozilla.com.tw/?p=3235","https://web.archive.org/web/20190824003748/https://blog.mozilla.com.tw/posts/3235/mozilla-%e8%bf%91%e6%9c%9f%e5%8b%95%e6%85%8b%e8%88%87%e6%af%8f%e5%ad%a3%e5%ba%a6%e7%99%bc%e8%a1%a8%e7%9a%84-firefox-os-%e7%89%88%e6%9c%ac"
"3261","2013-07-25","WebRTC 相關縮寫名詞簡介","ok","skipped","https://blog.mozilla.com.tw/?p=3261","https://web.archive.org/web/20161214205545/https://blog.mozilla.com.tw/posts/3261/webrtc-%E7%9B%B8%E9%97%9C%E7%B8%AE%E5%AF%AB%E5%90%8D%E8%A9%9E%E7%B0%A1%E4%BB%8B"
"3277","2013-07-26","開發 App – Firefox OS：讓 HTML5 完全發揮的平台","ok","skipped","https://blog.mozilla.com.tw/?p=3277","https://web.archive.org/web/20190824003748/https://blog.mozilla.com.tw/posts/3277/%e9%96%8b%e7%99%bc-app-firefox-os%ef%bc%9a%e8%ae%93-html5-%e5%ae%8c%e5%85%a8%e7%99%bc%e6%8f%ae%e7%9a%84%e5%b9%b3%e5%8f%b0"
"3301","2013-07-30","概述 UP 使用者個人化","ok","skipped","https://blog.mozilla.com.tw/?p=3301","https://web.archive.org/web/20160806002128/https://blog.mozilla.com.tw/posts/3301/%e6%a6%82%e8%bf%b0-up-%e4%bd%bf%e7%94%a8%e8%80%85%e5%80%8b%e4%ba%ba%e5%8c%96"
"3308","2013-07-31","Mozilla 持續打造安全的 Web 平台","ok","skipped","https://blog.mozilla.com.tw/?p=3308","https://web.archive.org/web/20150907155428/https://blog.mozilla.com.tw/posts/3308/mozilla-%e6%8c%81%e7%ba%8c%e6%89%93%e9%80%a0%e5%ae%89%e5%85%a8%e7%9a%84-web-%e5%b9%b3%e5%8f%b0"
"3321","2013-07-31","7/27 第二屆 Firefox 校園大使訓練營 – 超 High 花絮！(上集)","ok","partial_assets_failed","https://blog.mozilla.com.tw/?p=3321","https://web.archive.org/web/20191019115133/https://blog.mozilla.com.tw/?p=3321"
"3354","2013-08-01","7/27 第二屆 Firefox 校園大使訓練營 – 超 High 花絮！(下集)","ok","partial_assets_failed","https://blog.mozilla.com.tw/?p=3354","https://web.archive.org/web/20191019115013/https://blog.mozilla.com.tw/?p=3354"
"3397","2013-08-02","Telefonica 宣佈於南美洲推出首款 Firefox OS 裝置","ok","skipped","https://blog.mozilla.com.tw/?p=3397","https://web.archive.org/web/20180228012721/https://blog.mozilla.com.tw/posts/3397/telefonica-%E5%AE%A3%E4%BD%88%E6%96%BC%E5%8D%97%E7%BE%8E%E6%B4%B2%E6%8E%A8%E5%87%BA%E9%A6%96%E6%AC%BE-firefox-os-%E8%A3%9D%E7%BD%AE"
"3419","2013-08-07","Firefox Marketplace 與其他選擇","ok","skipped","https://blog.mozilla.com.tw/?p=3419","https://web.archive.org/web/20201231235959/https://blog.mozilla.com.tw/posts/3419/firefox-marketplace-%e8%88%87%e5%85%b6%e4%bb%96%e9%81%b8%e6%93%87"
"3435","2013-08-07","Firefox 讓你輕鬆和親友分享最愛的內容","ok","skipped","https://blog.mozilla.com.tw/?p=3435","https://web.archive.org/web/20190824005010/https://blog.mozilla.com.tw/posts/3435/firefox-%e8%ae%93%e4%bd%a0%e8%bc%95%e9%ac%86%e5%92%8c%e8%a6%aa%e5%8f%8b%e5%88%86%e4%ba%ab%e6%9c%80%e6%84%9b%e7%9a%84%e5%85%a7%e5%ae%b9"
"3452","2013-08-08","競爭與成功","ok","skipped","https://blog.mozilla.com.tw/?p=3452","https://web.archive.org/web/20201231235959/https://blog.mozilla.com.tw/posts/3452/%e7%ab%b6%e7%88%ad%e8%88%87%e6%88%90%e5%8a%9f"
"3479","2013-08-09","到 COSCUP 2013 找 Mozilla 人好多花絮！","ok","skipped","https://blog.mozilla.com.tw/?p=3479","https://web.archive.org/web/20150923133129/https://blog.mozilla.com.tw/posts/3479/%e5%88%b0-coscup-2013-%e6%89%be-mozilla-%e4%ba%ba%e5%a5%bd%e5%a4%9a%e8%8a%b1%e7%b5%ae%ef%bc%81"
"3516","2013-08-12","ZTE 將於 eBay 上開放銷售 Firefox OS 手機！","ok","skipped","https://blog.mozilla.com.tw/?p=3516","https://web.archive.org/web/20151002233351/https://blog.mozilla.com.tw/posts/3516/zte-%e5%b0%87%e6%96%bc-ebay-%e4%b8%8a%e9%96%8b%e6%94%be%e9%8a%b7%e5%94%ae-firefox-os-%e6%89%8b%e6%a9%9f%ef%bc%81"
"3521","2013-08-12","快來下載 Firefox for Android Beta 版並測試新功能","ok","skipped","https://blog.mozilla.com.tw/?p=3521","https://web.archive.org/web/20150922045118/https://blog.mozilla.com.tw/posts/3521/%e5%bf%ab%e4%be%86%e4%b8%8b%e8%bc%89-firefox-for-android-beta-%e7%89%88%e4%b8%a6%e6%b8%ac%e8%a9%a6%e6%96%b0%e5%8a%9f%e8%83%bd"
"3533","2013-08-31","八月狐狐工作坊 – Firefox OS 簡介","ok","skipped","https://blog.mozilla.com.tw/?p=3533","https://web.archive.org/web/20201231235959/https://blog.mozilla.com.tw/events/fxos-apps-workshop"
"3535","2013-08-17","八月狐狐工作坊 – 你不能不知道的微電影拍攝技巧","ok","skipped","https://blog.mozilla.com.tw/?p=3535","https://web.archive.org/web/20201231235959/https://blog.mozilla.com.tw/events/microcinema"
"3539","2013-08-15","JSFiddle 即可撰寫 Firefox OS Apps 的雛形","ok","skipped","https://blog.mozilla.com.tw/?p=3539","https://web.archive.org/web/20150614165207/https://blog.mozilla.com.tw/posts/3539/jsfiddle-%e5%8d%b3%e5%8f%af%e6%92%b0%e5%af%ab-firefox-os-apps-%e7%9a%84%e9%9b%9b%e5%bd%a2"
"3559","2013-08-20","Firefox for Android 變得越來越聰明","ok","skipped","https://blog.mozilla.com.tw/?p=3559","https://web.archive.org/web/20190824004607/https://blog.mozilla.com.tw/posts/3559/firefox-for-android-%e8%ae%8a%e5%be%97%e8%b6%8a%e4%be%86%e8%b6%8a%e8%81%b0%e6%98%8e"
"3582","2013-08-15","「7 月電子報有獎徵答」得獎名單公佈","ok","skipped","https://blog.mozilla.com.tw/?p=3582","https://web.archive.org/web/20151002194602/https://blog.mozilla.com.tw/posts/3582/%e3%80%8c7-%e6%9c%88%e9%9b%bb%e5%ad%90%e5%a0%b1%e6%9c%89%e7%8d%8e%e5%be%b5%e7%ad%94%e3%80%8d%e5%be%97%e7%8d%8e%e5%90%8d%e5%96%ae%e5%85%ac%e4%bd%88"
"3593","2013-08-16","WebAPIs ─ Firefox OS 存取硬體的必備核心","ok","skipped","https://blog.mozilla.com.tw/?p=3593","https://web.archive.org/web/20150927004553/https://blog.mozilla.com.tw/posts/3593/webapis-%e2%94%80-firefox-os-%e5%ad%98%e5%8f%96%e7%a1%ac%e9%ab%94%e7%9a%84%e5%bf%85%e5%82%99%e6%a0%b8%e5%bf%83"
"3617","2013-08-19","「 Firefox 情人節徵文比賽，說出你對 Open Web 的愛！」得獎名單公佈","ok","skipped","https://blog.mozilla.com.tw/?p=3617","https://web.archive.org/web/20190824004607/https://blog.mozilla.com.tw/posts/3617/firefoxlove"
"3632","2013-10-01","Firefox OS 讓你盡情享受每一刻！","ok","skipped","https://blog.mozilla.com.tw/?p=3632","https://web.archive.org/web/20201231235959/https://blog.mozilla.com.tw/events/firefox-os-make-every-moment-count"
"3638","2013-08-23","八月狐狐工作坊花絮 – 你不能不知道的微電影拍攝技巧","ok","skipped","https://blog.mozilla.com.tw/?p=3638","https://web.archive.org/web/20190825001023/https://blog.mozilla.com.tw/posts/3638/%e7%8b%90%e7%8b%90%e5%b7%a5%e4%bd%9c%e5%9d%8a%e8%8a%b1%e7%b5%ae-%e4%bd%a0%e4%b8%8d%e8%83%bd%e4%b8%8d%e7%9f%a5%e9%81%93%e7%9a%84%e5%be%ae%e9%9b%bb%e5%bd%b1%e6%8b%8d%e6%94%9d%e6%8a%80%e5%b7%a7"
"3651","2013-08-26","Firebug 1.12 新功能","ok","ok","https://blog.mozilla.com.tw/?p=3651","https://web.archive.org/web/20190824004607/https://blog.mozilla.com.tw/posts/3651/firebug-1-12-%e6%96%b0%e5%8a%9f%e8%83%bd-2"
"3680","2013-08-29","Web Activities 即可輕鬆存取硬體","ok","skipped","https://blog.mozilla.com.tw/?p=3680","https://web.archive.org/web/20150921044942/https://blog.mozilla.com.tw/posts/3680/web-activities-%e5%8d%b3%e5%8f%af%e8%bc%95%e9%ac%86%e5%ad%98%e5%8f%96%e7%a1%ac%e9%ab%94"
"3689","2013-08-29","翻譯 Firefox OS Apps (上集)","ok","skipped","https://blog.mozilla.com.tw/?p=3689","https://web.archive.org/web/20190824004607/https://blog.mozilla.com.tw/posts/3689/%e7%bf%bb%e8%ad%af-firefox-os-apps-%e4%b8%8a%e9%9b%86"
"3697","2013-08-30","翻譯 Firefox OS Apps (下集)","ok","skipped","https://blog.mozilla.com.tw/?p=3697","https://web.archive.org/web/20150923131406/https://blog.mozilla.com.tw/posts/3697/%e7%bf%bb%e8%ad%af-firefox-os-apps-%e4%b8%8b%e9%9b%86"
"3709","2013-09-04","Firefox 秘技：用標籤更快找到書籤","ok","skipped","https://blog.mozilla.com.tw/?p=3709","https://web.archive.org/web/20201231235959/https://blog.mozilla.com.tw/posts/3709/firefox-%e7%a7%98%e6%8a%80%ef%bc%9a%e7%94%a8%e6%a8%99%e7%b1%a4%e6%9b%b4%e5%bf%ab%e6%89%be%e5%88%b0%e6%9b%b8%e7%b1%a4"
"3721","2013-09-03","八月狐狐工作坊花絮 – Firefox OS 簡介","ok","skipped","https://blog.mozilla.com.tw/?p=3721","https://web.archive.org/web/20190825001023/https://blog.mozilla.com.tw/posts/3721/%e7%8b%90%e7%8b%90%e5%b7%a5%e4%bd%9c%e5%9d%8a%e8%8a%b1%e7%b5%ae-firefox-os-%e7%b0%a1%e4%bb%8b"
"3732","2013-09-05","把 Firefox OS Web Apps 送進 ZTE Open 手機","ok","skipped","https://blog.mozilla.com.tw/?p=3732","https://web.archive.org/web/20150925231953/https://blog.mozilla.com.tw/posts/3732/%e6%8a%8a-firefox-os-web-apps-%e9%80%81%e9%80%b2-zte-open-%e6%89%8b%e6%a9%9f"
"3744","2013-09-06","Apps 移植召集令","ok","skipped","https://blog.mozilla.com.tw/?p=3744","https://web.archive.org/web/20201231235959/https://blog.mozilla.com.tw/posts/3744/apps-%e7%a7%bb%e6%a4%8d%e5%8f%ac%e9%9b%86%e4%bb%a4"
"3758","2013-09-11","達人教你網路安全的撇步","ok","skipped","https://blog.mozilla.com.tw/?p=3758","https://web.archive.org/web/20160806032857/https://blog.mozilla.com.tw/posts/3758/%e9%81%94%e4%ba%ba%e6%95%99%e4%bd%a0%e7%b6%b2%e8%b7%af%e5%ae%89%e5%85%a8%e7%9a%84%e6%92%87%e6%ad%a5"
"3764","2013-09-17","「8 月電子報有獎徵答」得獎名單公佈","ok","skipped","https://blog.mozilla.com.tw/?p=3764","https://web.archive.org/web/20190825001023/https://blog.mozilla.com.tw/posts/3764/%e3%80%8c8-%e6%9c%88%e9%9b%bb%e5%ad%90%e5%a0%b1%e6%9c%89%e7%8d%8e%e5%be%b5%e7%ad%94%e3%80%8d%e5%be%97%e7%8d%8e%e5%90%8d%e5%96%ae%e5%85%ac%e4%bd%88"
"3768","2013-09-13","FIREFOX FLICKS 微影片競賽的贏家已誕生！","ok","skipped","https://blog.mozilla.com.tw/?p=3768","https://web.archive.org/web/20160806035901/https://blog.mozilla.com.tw/posts/3768/firefox-flicks-%e5%be%ae%e5%bd%b1%e7%89%87%e7%ab%b6%e8%b3%bd%e7%9a%84%e8%b4%8f%e5%ae%b6%e5%b7%b2%e8%aa%95%e7%94%9f%ef%bc%81"
"3786","2013-09-29","九月狐狐工作坊 – 午後的快意分享","ok","skipped","https://blog.mozilla.com.tw/?p=3786","https://web.archive.org/web/20201231235959/https://blog.mozilla.com.tw/events/sharing_day"
"3790","2013-09-18","Firefox for Android 能更輕鬆分享你最愛的網頁","ok","skipped","https://blog.mozilla.com.tw/?p=3790","https://web.archive.org/web/20160531140408/https://blog.mozilla.com.tw/posts/3790/firefox-for-android-24-release"
"3800","2013-09-18","Firefox for Android 正式支援 WebRTC","ok","skipped","https://blog.mozilla.com.tw/?p=3800","https://web.archive.org/web/20201231235959/https://blog.mozilla.com.tw/posts/3800/webrtc-on-fx-for-android"
"3813","2013-09-24","行動版 Firefox 24 已支援 WebRTC","ok","skipped","https://blog.mozilla.com.tw/?p=3813","https://web.archive.org/web/20201231235959/https://blog.mozilla.com.tw/posts/3813/%e8%a1%8c%e5%8b%95%e7%89%88-firefox-24-%e5%b7%b2%e6%94%af%e6%8f%b4-webrtc"
"3820","2013-09-25","Firefox for Android Beta 擁有更多自訂選項","ok","skipped","https://blog.mozilla.com.tw/?p=3820","https://web.archive.org/web/20190824005010/https://blog.mozilla.com.tw/posts/3820/firefox-for-android-beta-%e6%93%81%e6%9c%89%e6%9b%b4%e5%a4%9a%e8%87%aa%e8%a8%82%e9%81%b8%e9%a0%85"
"3829","2013-09-25","於 Windows 8 平板電腦上測試 Firefox 瀏覽器","ok","skipped","https://blog.mozilla.com.tw/?p=3829","https://web.archive.org/web/20190824005010/https://blog.mozilla.com.tw/posts/3829/help-test-a-preview-of-firefox-optimized-for-windows-8-tablets"
"3842","2013-09-26","『 中秋月圓人團圓, Firefox 線上猜燈謎 』活動得獎名單公告","ok","skipped","https://blog.mozilla.com.tw/?p=3842","https://web.archive.org/web/20160805211920/https://blog.mozilla.com.tw/posts/3842/%e3%80%8e-%e4%b8%ad%e7%a7%8b%e6%9c%88%e5%9c%93%e4%ba%ba%e5%9c%98%e5%9c%93-firefox-%e7%b7%9a%e4%b8%8a%e7%8c%9c%e7%87%88%e8%ac%8e-%e3%80%8f%e6%b4%bb%e5%8b%95%e5%be%97%e7%8d%8e%e5%90%8d%e5%96%ae"
"3845","2013-09-27","Mozilla 基金會主席給 Summit 2013 的一封信","ok","skipped","https://blog.mozilla.com.tw/?p=3845","https://web.archive.org/web/20160805211342/https://blog.mozilla.com.tw/posts/3845/a-note-from-mitchell-baker-about-the-summit"
"3861","2013-10-01","九月狐狐工作坊花絮 – 午後的快意分享","ok","skipped","https://blog.mozilla.com.tw/?p=3861","https://web.archive.org/web/20191019122424/https://blog.mozilla.com.tw/?p=3861"
"3882","2013-10-26","十月狐狐工作坊 – 午後的快意分享 Part II","ok","skipped","https://blog.mozilla.com.tw/?p=3882","https://web.archive.org/web/20201231235959/https://blog.mozilla.com.tw/events/sharing_day_part-ii"
"3886","2013-10-02","重新介紹 Firefox 開發工具系列之一","ok","skipped","https://blog.mozilla.com.tw/?p=3886","https://web.archive.org/web/20201231235959/https://blog.mozilla.com.tw/posts/3886/reintroducing-the-firefox-developer-tools-part-1-the-web-console-and-the-javascript-debugger"
"3898","2013-10-03","Firefox 開發者工具的新功能 (上)","ok","skipped","https://blog.mozilla.com.tw/?p=3898","https://web.archive.org/web/20150401030803/https://blog.mozilla.com.tw/posts/3898/new-features-in-the-firefox-developer-tools"
"3905","2013-10-08","Firefox 開發者工具的新功能 (下)","ok","skipped","https://blog.mozilla.com.tw/?p=3905","https://web.archive.org/web/20150612102259/https://blog.mozilla.com.tw/posts/3905/new-features-in-the-firefox-developer-tools-episode-26"
"3913","2013-10-18","Firefox OS：Web Components 與 Mozilla Brick","ok","skipped","https://blog.mozilla.com.tw/?p=3913","https://web.archive.org/web/20190824002835/https://blog.mozilla.com.tw/posts/3913/firefox-os-development-web-components-and-mozilla-brick"
"3925","2013-10-09","Mozilla 與合作夥伴將展開第二波 Firefox OS 全球市場上市計畫","ok","skipped","https://blog.mozilla.com.tw/?p=3925","https://web.archive.org/web/20201231235959/https://blog.mozilla.com.tw/posts/3925/ffos-wave-2-announcement"
"3932","2013-10-09","Firefox OS 1.1 新增功能、提升效能、支援更多語言","ok","skipped","https://blog.mozilla.com.tw/?p=3932","https://web.archive.org/web/20201231235959/https://blog.mozilla.com.tw/posts/3932/firefox-os-update-1-1-adds-new-features-performance-improvements-and-additional-language-support"
"3947","2013-10-11","2013 Mozilla Summit 活動實況剪影","ok","skipped","https://blog.mozilla.com.tw/?p=3947","https://web.archive.org/web/20160307014508/https://blog.mozilla.com.tw/posts/3947/2013-mozilla-summit-recap"
"3959","2013-10-15","Firefox OS 的亞洲開發者現可自 eBay 訂購 ZTE Open","ok","skipped","https://blog.mozilla.com.tw/?p=3959","https://web.archive.org/web/20201231235959/https://blog.mozilla.com.tw/posts/3959/3959"
"3965","2013-10-16","Firefox OS App Manager 新增為 Firefox 26 之開發者工具","ok","skipped","https://blog.mozilla.com.tw/?p=3965","https://web.archive.org/web/20201231235959/https://blog.mozilla.com.tw/posts/3965/introducing-the-firefox-os-app-manager"
"3990","2013-10-17","「9 月電子報有獎徵答」得獎名單公佈","ok","skipped","https://blog.mozilla.com.tw/?p=3990","https://web.archive.org/web/20190825001135/https://blog.mozilla.com.tw/posts/3990/sep_newsletter_winners_announcement"
"3994","2013-10-22","Firefox 開發者工具與 Firebug","ok","skipped","https://blog.mozilla.com.tw/?p=3994","https://web.archive.org/web/20190824002835/https://blog.mozilla.com.tw/posts/3994/firefox-developer-tools-and-firebug"
"4005","2013-10-23","Telefónica Vivo 於巴西推出 Firefox OS 智慧型手機","ok","skipped","https://blog.mozilla.com.tw/?p=4005","https://web.archive.org/web/20190824002835/https://blog.mozilla.com.tw/posts/4005/telefonica-vivo-launches-firefox-os-smartphones-in-brazil"
"4016","2013-10-24","讓自己登上舊金山的 Mozillians 榮譽碑吧！","ok","skipped","https://blog.mozilla.com.tw/?p=4016","https://web.archive.org/web/20160810222818/https://blog.mozilla.com.tw/posts/4016/add-your-name-to-the-monument-to-mozillians-in-san-francisco"
"4024","2013-11-30","十一月狐狐工作坊 – 午後的快意分享 Part III","ok","skipped","https://blog.mozilla.com.tw/?p=4024","https://web.archive.org/web/20201231235959/https://blog.mozilla.com.tw/events/sharing_day_part-iii"
"4025","2013-10-25","TogetherJS 介紹 (上)","ok","skipped","https://blog.mozilla.com.tw/?p=4025","https://web.archive.org/web/20160920100602/https://blog.mozilla.com.tw/posts/4025/introducing-togetherjs"
"4036","2013-10-29","TogetherJS 介紹 (下)","ok","skipped","https://blog.mozilla.com.tw/?p=4036","https://web.archive.org/web/20160517094740/https://blog.mozilla.com.tw/posts/4036/introducing-togetherjs-2"
"4043","2013-10-26","Lightbeam for Firefox 附加元件介紹","ok","skipped","https://blog.mozilla.com.tw/?p=4043","https://web.archive.org/web/20190824005010/https://blog.mozilla.com.tw/posts/4043/lightbeam-for-firefox-privacy-education-for-users-open-data-for-publishers"
"4061","2013-10-30","共享 Firefox 時亦能保護個人瀏覽隱私","ok","skipped","https://blog.mozilla.com.tw/?p=4061","https://web.archive.org/web/20151107045421/https://blog.mozilla.com.tw/posts/4061/share-your-firefox-with-friends-family-while-keeping-your-web-information-private-with-guest-browsing"
"4070","2013-10-31","十月狐狐工作坊花絮 – 午後的快意分享 Part II","ok","skipped","https://blog.mozilla.com.tw/?p=4070","https://web.archive.org/web/20191019131326/https://blog.mozilla.com.tw/?p=4070"
"4078","2013-11-07","「聽」到沒？Web Audio API 已加入 Firefox","ok","skipped","https://blog.mozilla.com.tw/?p=4078","https://web.archive.org/web/20150614134039/https://blog.mozilla.com.tw/posts/4078/listen-up-web-audio-api-now-in-firefox-completes-web-as-a-platform-for-gaming"
"4103","2013-11-05","Telefónica 已於秘魯、墨西哥、烏拉圭推出 Firefox OS 智慧型手機","ok","skipped","https://blog.mozilla.com.tw/?p=4103","https://web.archive.org/web/20190824005010/https://blog.mozilla.com.tw/posts/4103/telefonica-launches-firefox-os-smartphones-in-mexico-peru-and-uruguay"
"4111","2013-11-01","Firefox Beta 開放測試 Click to Play 功能","ok","skipped","https://blog.mozilla.com.tw/?p=4111","https://web.archive.org/web/20201231235959/https://blog.mozilla.com.tw/posts/4111/plugin-activation-in-firefox"
"4115","2013-11-01","Firefox for Android Beta 提供全新開始頁設計","ok","skipped","https://blog.mozilla.com.tw/?p=4115","https://web.archive.org/web/20201231235959/https://blog.mozilla.com.tw/posts/4115/new-home-design-in-firefox-for-android-beta"
"4129","2013-11-19","「10 月電子報有獎徵答」得獎名單公佈","ok","skipped","https://blog.mozilla.com.tw/?p=4129","https://web.archive.org/web/20190825001135/https://blog.mozilla.com.tw/posts/4129/oct_newsletter_winners_announcement"
"4139","2013-11-06","跨平台 Open Web App 開發報告","ok","skipped","https://blog.mozilla.com.tw/?p=4139","https://web.archive.org/web/20201231235959/https://blog.mozilla.com.tw/posts/4139/progress-report-on-cross-platform-open-web-apps"
"4164","2013-11-08","Firefox for Android 內建於全新行動裝置","ok","skipped","https://blog.mozilla.com.tw/?p=4164","https://web.archive.org/web/20201231235959/https://blog.mozilla.com.tw/posts/4164/firefox-for-android-included-on-new-devices-to-bring-an-amazing-web-experience-to-users"
"4169","2013-11-08","Firefox 滿九歲了！生日快樂！","ok","skipped","https://blog.mozilla.com.tw/?p=4169","https://web.archive.org/web/20201231235959/https://blog.mozilla.com.tw/posts/4169/happy-ninth-birthday-firefox"
"4172","2013-11-12","Songs of Diridum：Web Audio API 的極致","ok","skipped","https://blog.mozilla.com.tw/?p=4172","https://web.archive.org/web/20160623180428/https://blog.mozilla.com.tw/posts/4172/songs-of-diridum-pushing-the-web-audio-api-to-its-limits"
"4221","2013-11-15","Mozilla 榮獲 Digital Leaders 50 Awards 肯定","ok","skipped","https://blog.mozilla.com.tw/?p=4221","https://web.archive.org/web/20201231235959/https://blog.mozilla.com.tw/posts/4221/mozilla-wins-digital-leaders-50-awards"
"4228","2013-11-19","Firefox 使用者介面之進化","ok","skipped","https://blog.mozilla.com.tw/?p=4228","https://web.archive.org/web/20201231235959/https://blog.mozilla.com.tw/posts/4228/evolution"
"4232","2013-11-19","「Australis」已於 Firefox Nightly 中登場","ok","skipped","https://blog.mozilla.com.tw/?p=4232","https://web.archive.org/web/20201231235959/https://blog.mozilla.com.tw/posts/4232/australis-is-landing-in-firefox-nightly"
"4257","2013-11-20","Firefox Marketplace 展現 Web 的力量","ok","skipped","https://blog.mozilla.com.tw/?p=4257","https://web.archive.org/web/20201231235959/https://blog.mozilla.com.tw/posts/4257/firefox-marketplace-shows-the-power-of-the-web-delivers-cross-platform-global-and-local-apps"
"4265","2013-11-21","Firefox OS 安全性系列報導之一：Web 安全模型","ok","skipped","https://blog.mozilla.com.tw/?p=4265","https://web.archive.org/web/20180322155154/https://blog.mozilla.com.tw/posts/4265/firefox-os-security-part-1-the-web-security-model"
"4270","2013-12-21","十二月狐狐工作坊 – APP 競賽成果展示 LIVE Show","ok","skipped","https://blog.mozilla.com.tw/?p=4270","https://web.archive.org/web/20201231235959/https://blog.mozilla.com.tw/events/firefox-os-app-contest"
"4271","2013-11-29","熱力四射的 Mozilla Taiwan 企業參訪活動花絮","ok","skipped","https://blog.mozilla.com.tw/?p=4271","https://web.archive.org/web/20160825225809/https://blog.mozilla.com.tw/posts/4271/nov-moztour"
"4275","2013-11-22","Mozilla 目前狀況與 2012 財務報表","ok","skipped","https://blog.mozilla.com.tw/?p=4275","https://web.archive.org/web/20160330032104/https://blog.mozilla.com.tw/posts/4275/state-of-mozilla-and-2012-financial-statements"
"4280","2013-11-26","淺談 Firefox 27 開發者工具","ok","skipped","https://blog.mozilla.com.tw/?p=4280","https://web.archive.org/web/20201231235959/https://blog.mozilla.com.tw/posts/4280/firefox-developer-tools-episode-27-edit-as-html-codemirror-more"
"4294","2013-12-03","Firefox OS 安全性系列報導之二","ok","skipped","https://blog.mozilla.com.tw/?p=4294","https://web.archive.org/web/20150612104427/https://blog.mozilla.com.tw/posts/4294/firefox-os-security-part-2-user-experience-and-security-updates"
"4317","2013-11-28","BBC 與 Mozilla 確認英國境內的 Web 技術合作關係","ok","skipped","https://blog.mozilla.com.tw/?p=4317","https://web.archive.org/web/20160608042040/https://blog.mozilla.com.tw/posts/4317/the-bbc-and-mozilla-formalize-partnership-for-web-skills-in-the-uk"
"4330","2013-11-27","論「Mozilla 目前狀況與 2012 年財務報表」","ok","skipped","https://blog.mozilla.com.tw/?p=4330","https://web.archive.org/web/20201231235959/https://blog.mozilla.com.tw/posts/4330/state-of-mozilla-and-2012-financial-statements-2"
"4344","2013-11-30","小莎遇見獅子 L10N 工作坊","ok","skipped","https://blog.mozilla.com.tw/?p=4344","https://web.archive.org/web/20201231235959/https://blog.mozilla.com.tw/events/%e5%b0%8f%e8%8e%8e%e9%81%87%e8%a6%8b%e7%8d%85%e5%ad%90-l10n-%e5%b7%a5%e4%bd%9c%e5%9d%8a"
"4345","2013-12-12","Mozillians 榮譽碑即將抵達舊金山","ok","skipped","https://blog.mozilla.com.tw/?p=4345","https://web.archive.org/web/20160327014920/https://blog.mozilla.com.tw/posts/4345/the-monument-to-mozillians-is-coming-to-san-francisco"
"4359","2013-11-29","Firefox OS 於多個歐洲國家中現身","ok","skipped","https://blog.mozilla.com.tw/?p=4359","https://web.archive.org/web/20160825205500/https://blog.mozilla.com.tw/posts/4359/firefox-os-launches-in-more-countries-across-europe"
"4374","2013-12-04","十一月狐狐工作坊花絮 – 午後的快意分享 Part III","ok","skipped","https://blog.mozilla.com.tw/?p=4374","https://web.archive.org/web/20150925054253/https://blog.mozilla.com.tw/posts/4374/sharing_day_part-iii"
"4388","2013-12-17","「11 月電子報有獎徵答」得獎名單公佈","ok","skipped","https://blog.mozilla.com.tw/?p=4388","https://web.archive.org/web/20160805211200/https://blog.mozilla.com.tw/posts/4388/nov_newsletter_winners_announcement"
"4392","2013-12-05","捲起袖子與我們一起營救 Web","ok","skipped","https://blog.mozilla.com.tw/?p=4392","https://web.archive.org/web/20201231235959/https://blog.mozilla.com.tw/posts/4392/roll-up-your-sleeves-its-time-to-save-the-web"
"4401","2013-12-06","解放你的遊戲魂，加入我們的假日競賽","ok","skipped","https://blog.mozilla.com.tw/?p=4401","https://web.archive.org/web/20201231235959/https://blog.mozilla.com.tw/posts/4401/unleash-the-game-creator-in-you-by-entering-our-holiday-gaming-competition"
"4425","2013-12-10","Chrome 與 Opera 針對 Mozilla 率先提倡的 Asm.js 進行最佳化","ok","skipped","https://blog.mozilla.com.tw/?p=4425","https://web.archive.org/web/20201231235959/https://blog.mozilla.com.tw/posts/4425/chrome-and-opera-optimize-for-mozilla-pioneered-asm-js"
"4439","2013-12-10","Mozilla 開發者社群網站 (MDN) 全新面貌","ok","skipped","https://blog.mozilla.com.tw/?p=4439","https://web.archive.org/web/20160602085542/https://blog.mozilla.com.tw/posts/4439/the-mozilla-developer-network-has-a-new-face"
"4466","2013-12-11","Firefox for Android 全新開始頁畫面","ok","skipped","https://blog.mozilla.com.tw/?p=4466","https://web.archive.org/web/20190824010111/https://blog.mozilla.com.tw/posts/4466/new-home-screen-in-firefox-for-android-access-your-information-in-a-single-tap"
"4471","2013-12-11","Firefox for Android 支援搭載 Intel x86 處理器的裝置","ok","skipped","https://blog.mozilla.com.tw/?p=4471","https://web.archive.org/web/20171021105920/https://blog.mozilla.com.tw/posts/4471/firefox-for-android-optimized-for-devices-that-support-intel-x86-chipsets"
"4484","2013-12-13","由 asm.js 建構的首款 3D 遊戲正式現身","ok","skipped","https://blog.mozilla.com.tw/?p=4484","https://web.archive.org/web/20160602061129/https://blog.mozilla.com.tw/posts/4484/first-3d-commercial-web-game-powered-by-asm-js-unveiled"
"4495","2013-12-13","號召 Firefox Beta 版測試員參與 HTML5 遊戲開發競賽","ok","skipped","https://blog.mozilla.com.tw/?p=4495","https://web.archive.org/web/20151003014419/https://blog.mozilla.com.tw/posts/4495/calling-firefox-beta-testers-create-an-interactive-html5-game-for-the-holidays"
"4525","2013-12-17","Mozilla 的 2013 年度回顧","ok","skipped","https://blog.mozilla.com.tw/?p=4525","https://web.archive.org/web/20190824010111/https://blog.mozilla.com.tw/posts/4525/mozilla-in-2013"
"4541","2013-12-18","Monster Madness – 透過 Emscripten 建構 Web 遊戲 (上)","ok","skipped","https://blog.mozilla.com.tw/?p=4541","https://web.archive.org/web/20170803124232/https://blog.mozilla.com.tw/posts/4541/monster-madness-creating-games-on-the-web-with-emscripten"
"4557","2013-12-19","Monster Madness – 透過 Emscripten 建構 Web 遊戲 (下)","ok","skipped","https://blog.mozilla.com.tw/?p=4557","https://web.archive.org/web/20171007222705/https://blog.mozilla.com.tw/posts/4557/monster-madness-creating-games-on-the-web-with-emscripten-2"
"4571","2013-12-20","撰寫平台隨你選，Firefox OS 都「行」(上)","ok","skipped","https://blog.mozilla.com.tw/?p=4571","https://web.archive.org/web/20170731224629/https://blog.mozilla.com.tw/posts/4571/write-elsewhere-run-on-firefox-2"
"4584","2013-12-25","撰寫平台隨你選，Firefox OS 都「行」(中)","ok","skipped","https://blog.mozilla.com.tw/?p=4584","https://web.archive.org/web/20160806031805/https://blog.mozilla.com.tw/posts/4584/write-elsewhere-run-on-firefox-3"
"4591","2013-12-26","撰寫平台隨你選，Firefox OS 都「行」(下)","ok","skipped","https://blog.mozilla.com.tw/?p=4591","https://web.archive.org/web/20160806032906/https://blog.mozilla.com.tw/posts/4591/write-elsewhere-run-on-firefox"
"4603","2013-12-21","Firefox 版本釋出週期將順延二週","ok","skipped","https://blog.mozilla.com.tw/?p=4603","https://web.archive.org/web/20160805211444/https://blog.mozilla.com.tw/posts/4603/firefox-release-cycle-extended-by-two-weeks"
"4641","2013-12-31","淺談 Firefox 28 開發者工具","ok","skipped","https://blog.mozilla.com.tw/?p=4641","https://web.archive.org/web/20160805212543/https://blog.mozilla.com.tw/posts/4641/split-console-pretty-print-minified-js-and-more-firefox-developer-tools-episode-28"
"4660","2014-01-02","給開發者的 Firefox OS ─ 共同加入完全的HTML 5 平台","ok","skipped","https://blog.mozilla.com.tw/?p=4660","https://web.archive.org/web/20201231235959/https://blog.mozilla.com.tw/posts/4660/firefox-os-for-developers-the-platform-html5-deserves"
"4679","2014-01-07","Mozilla 為推廣 Firefox OS 平板電腦 啟動 Contribution Program","ok","skipped","https://blog.mozilla.com.tw/?p=4679","https://web.archive.org/web/20150921070313/https://blog.mozilla.com.tw/posts/4679/mozilla-launches-contribution-program-to-deliver-firefox-os-to-tablets"
"4682","2014-01-08","松下電器 (Panasonic) 與 Mozilla 為新一代 Smart TV 協力開發新的 Firefox OS 開放平台","ok","skipped","https://blog.mozilla.com.tw/?p=4682","https://web.archive.org/web/20151002234743/https://blog.mozilla.com.tw/posts/4682/panasonic-and-mozilla-to-collaborate-on-new-firefox-os-open-platform-for-next-generation-smart-tvs"
"4693","2014-01-07","Firefox OS 放眼未來","ok","skipped","https://blog.mozilla.com.tw/?p=4693","https://web.archive.org/web/20201231235959/https://blog.mozilla.com.tw/posts/4693/firefox-os-looking-ahead"
"4730","2014-01-10","把手上的 ZTE Open 升級到 Firefox OS 1.1","ok","skipped","https://blog.mozilla.com.tw/?p=4730","https://web.archive.org/web/20160806062130/https://blog.mozilla.com.tw/posts/4730/upgrading-your-zte-open-to-firefox-os-1-1"
"4770","2014-01-17","「12 月電子報有獎徵答」得獎名單公佈","ok","skipped","https://blog.mozilla.com.tw/?p=4770","https://web.archive.org/web/20160806062029/https://blog.mozilla.com.tw/posts/4770/dec_newsletter_winners_announcement"
"4785","2014-01-21","紀念反 SOPA/PIPA 活動","ok","skipped","https://blog.mozilla.com.tw/?p=4785","https://web.archive.org/web/20160806004013/https://blog.mozilla.com.tw/posts/4785/remembering-sopapipa"
"4793","2014-01-22","Marketplace：制定 App 的價格","ok","skipped","https://blog.mozilla.com.tw/?p=4793","https://web.archive.org/web/20160806061831/https://blog.mozilla.com.tw/posts/4793/app_pricing"
"4813","2014-01-23","Marketplace：App 內容分級","ok","skipped","https://blog.mozilla.com.tw/?p=4813","https://web.archive.org/web/20160806003515/https://blog.mozilla.com.tw/posts/4813/obtaining-a-rating-for-your-app"
"4837","2014-01-24","Firefox 開發者工具的選取元素功能即將異動","ok","skipped","https://blog.mozilla.com.tw/?p=4837","https://web.archive.org/web/20201231235959/https://blog.mozilla.com.tw/posts/4837/upcoming-changes-to-the-firefox-developer-tools-node-picker"
"4850","2014-03-09","Mozilla Taiwan 首度前進校園徵才就業博覽會","ok","skipped","https://blog.mozilla.com.tw/?p=4850","https://web.archive.org/web/20201231235959/https://blog.mozilla.com.tw/events/mozilla-taiwan-campus-recruit"
"4853","2014-02-05","Firefox OS 適用的 WebGL 與 CreateJS (上)","ok","skipped","https://blog.mozilla.com.tw/?p=4853","https://web.archive.org/web/20201231235959/https://blog.mozilla.com.tw/posts/4853/webgl-createjs-for-firefox-os-2"
"4857","2014-02-06","Firefox OS 適用的 WebGL 與 CreateJS (下)","ok","skipped","https://blog.mozilla.com.tw/?p=4857","https://web.archive.org/web/20160804034034/https://blog.mozilla.com.tw/posts/4857/webgl-createjs-for-firefox-os"
"4863","2014-01-28","讓大家重拾對 Web 的信任","ok","skipped","https://blog.mozilla.com.tw/?p=4863","https://web.archive.org/web/20170421055242/https://blog.mozilla.com.tw/posts/4863/restore-trust-on-the-web"
"4882","2014-02-07","Firefox 又加入新的社交夥伴","ok","skipped","https://blog.mozilla.com.tw/?p=4882","https://web.archive.org/web/20150921045053/https://blog.mozilla.com.tw/posts/4882/firefox-adds-new-social-partners"
"4892","2014-02-07","美商謀智 (Mozilla) 發表Firefox for Windows 8 Touch Beta","ok","skipped","https://blog.mozilla.com.tw/?p=4892","https://web.archive.org/web/20201231235959/https://blog.mozilla.com.tw/posts/4892/firefox-for-windows-8-touch-beta-is-ready-for-testing"
"4899","2014-02-10","Firefox Nightly 版本現可測試新的 Sync 功能","ok","skipped","https://blog.mozilla.com.tw/?p=4899","https://web.archive.org/web/20201231235959/https://blog.mozilla.com.tw/posts/4899/test-the-new-firefox-sync-on-nightly-release-channel"
"4903","2014-02-10","隆重介紹 Mozilla Firefox Accounts","ok","skipped","https://blog.mozilla.com.tw/?p=4903","https://web.archive.org/web/20160806003910/https://blog.mozilla.com.tw/posts/4903/introducing-mozilla-firefox-accounts"
"4906","2014-02-10","更好的 Firefox Sync 同步功能","ok","skipped","https://blog.mozilla.com.tw/?p=4906","https://web.archive.org/web/20201231235959/https://blog.mozilla.com.tw/posts/4906/httpsblog-mozilla-orgservices20140207a-better-firefox-sync"
"4919","2014-02-17","「1月電子報有獎徵答」得獎名單公佈","ok","skipped","https://blog.mozilla.com.tw/?p=4919","https://web.archive.org/web/20160821003415/https://blog.mozilla.com.tw/posts/4919/2014jan_newsletter_winners_announcement"
"4925","2014-02-11","在 Firefox Aurora 中測試新版 Firefox Sync 並自訂新 UI","ok","skipped","https://blog.mozilla.com.tw/?p=4925","https://web.archive.org/web/20150923123809/https://blog.mozilla.com.tw/posts/4925/test-the-new-firefox-sync-and-customize-the-new-ui-in-firefox-aurora"
"4929","2014-02-11","搶先預覽 Firefox Launcher for Android","ok","skipped","https://blog.mozilla.com.tw/?p=4929","https://web.archive.org/web/20151002212904/https://blog.mozilla.com.tw/posts/4929/preview-of-firefox-launcher-for-android"
"4932","2014-02-11","Mozilla 更新 Aurora 版本 Firefox Accounts 首度問世","ok","skipped","https://blog.mozilla.com.tw/?p=4932","https://web.archive.org/web/20190824010111/https://blog.mozilla.com.tw/posts/4932/mozilla-%e6%9b%b4%e6%96%b0-aurora-%e7%89%88%e6%9c%ac-firefox-accounts-%e9%a6%96%e5%ba%a6%e5%95%8f%e4%b8%96"
"4940","2014-02-12","內容服務的轉變：將以使用者為中心","ok","skipped","https://blog.mozilla.com.tw/?p=4940","https://web.archive.org/web/20160801013514/https://blog.mozilla.com.tw/posts/4940/publisher-transformation-with-users-at-the-center"
"4945","2014-02-14","Firefox 校園大使熱烈招募中！","ok","skipped","https://blog.mozilla.com.tw/?p=4945","https://web.archive.org/web/20191019124136/https://blog.mozilla.com.tw/?p=4945"
"4957","2014-02-13","App 開發者的五大隱私權潛在陷阱 (上)","ok","skipped","https://blog.mozilla.com.tw/?p=4957","https://web.archive.org/web/20170320053723/https://blog.mozilla.com.tw/posts/4957/five-potential-privacy-pitfalls-for-app-developers-2"
"4962","2014-02-18","App 開發者的五大隱私權潛在陷阱 (下)","ok","skipped","https://blog.mozilla.com.tw/?p=4962","https://web.archive.org/web/20190824003950/https://blog.mozilla.com.tw/posts/4962/five-potential-privacy-pitfalls-for-app-developers"
"4977","2014-02-20","快把自己的 ZTE Open 升級到 Firefox 1.1 或 1.2 (已啟動 fastboot)","ok","skipped","https://blog.mozilla.com.tw/?p=4977","https://web.archive.org/web/20160607095801/https://blog.mozilla.com.tw/posts/4977/upgrading-your-zte-open-to-firefox-1-1-or-1-2-fastboot-enabled"
"4986","2014-02-19","美商謀智 (Mozilla) Firefox OS 首年成果發佈 MWC 2014 將亮相","ok","skipped","https://blog.mozilla.com.tw/?p=4986","https://web.archive.org/web/20160810055044/https://blog.mozilla.com.tw/posts/4986/mozilla-showcases-first-year-of-success-with-firefox-os-at-mobile-world-congress-2014"
"5003","2014-02-24","多家合作夥伴全力支援 Firefox OS 陣營 攜手釋放行動產業未來","ok","skipped","https://blog.mozilla.com.tw/?p=5003","https://web.archive.org/web/20190824010111/https://blog.mozilla.com.tw/posts/5003/firefox-os-unleashes-the-future-of-mobile"
"5009","2014-02-24","新款開發者硬體與工具現身 加速強化 FIREFOX OS 生態系統","ok","skipped","https://blog.mozilla.com.tw/?p=5009","https://web.archive.org/web/20190824010111/https://blog.mozilla.com.tw/posts/5009/new-developer-hardware-and-tools-show-firefox-os-ecosystem-momentum"
"5013","2014-02-24","更高效能 FIREFOX OS 裝置問世 改寫入門級智慧手機定義","ok","skipped","https://blog.mozilla.com.tw/?p=5013","https://web.archive.org/web/20190824010111/https://blog.mozilla.com.tw/posts/5013/firefox-os-expands-to-higher-performance-devices-and-pushes-the-boundaries-of-entry-level-smartphones"
"5033","2014-02-25","淺談 Firefox 29 開發者工具","ok","skipped","https://blog.mozilla.com.tw/?p=5033","https://web.archive.org/web/20160607034359/https://blog.mozilla.com.tw/posts/5033/httpshacks-mozilla-org201402css-source-map-support-network-performance-analysis-more-firefox-developer-tools-episode-29"
"5057","2014-02-26","平板電腦 Contribution Program 開放申請硬體","ok","skipped","https://blog.mozilla.com.tw/?p=5057","https://web.archive.org/web/20160821003432/https://blog.mozilla.com.tw/posts/5057/open-applications-tcp"
"5078","2014-02-27","快來協助貢獻 MDN","ok","skipped","https://blog.mozilla.com.tw/?p=5078","https://web.archive.org/web/20160820211801/https://blog.mozilla.com.tw/posts/5078/why-contribute-to-mdn"
"5090","2014-03-04","MWC 後續報導 ─ 釋放未來","ok","skipped","https://blog.mozilla.com.tw/?p=5090","https://web.archive.org/web/20201231235959/https://blog.mozilla.com.tw/posts/5090/mwc-update-unleashing-the-future"
"5097","2014-03-05","Firefox Marketplace：常見問題","ok","skipped","https://blog.mozilla.com.tw/?p=5097","https://web.archive.org/web/20201231235959/https://blog.mozilla.com.tw/posts/5097/firefox-marketplace-faq"
"5104","2014-03-09","Mozilla@校園徵才博覽會 – 台大場 活動預告","ok","skipped","https://blog.mozilla.com.tw/?p=5104","https://web.archive.org/web/20201231235959/https://blog.mozilla.com.tw/events/campus-recruit-ntu-events"
"5108","2014-03-06","強力徵求：將 HTML5 App 移植到 Firefox OS 與 Open Web","ok","skipped","https://blog.mozilla.com.tw/?p=5108","https://web.archive.org/web/20201231235959/https://blog.mozilla.com.tw/posts/5108/firefox-apps-programs-2014"
"5119","2014-03-07","Firefox Marketplace：App 發佈方式","ok","skipped","https://blog.mozilla.com.tw/?p=5119","https://web.archive.org/web/20201231235959/https://blog.mozilla.com.tw/posts/5119/app-publishing-options"
"5130","2014-03-11","Firefox Marketplace：設立自己的 App 商店","ok","skipped","https://blog.mozilla.com.tw/?p=5130","https://web.archive.org/web/20201231235959/https://blog.mozilla.com.tw/posts/5130/creating-your-own-store"
"5141","2014-03-13","「2月電子報有獎徵答」得獎名單公佈","ok","skipped","https://blog.mozilla.com.tw/?p=5141","https://web.archive.org/web/20161008090732/https://blog.mozilla.com.tw/posts/5141/2014feb_newsletter_winners_announcement"
"5145","2014-03-12","《ViziCities》3D 地圖打造心得","ok","skipped","https://blog.mozilla.com.tw/?p=5145","https://web.archive.org/web/20201231235959/https://blog.mozilla.com.tw/posts/5145/lessons-learnt-building-vizicities"
"5157","2014-03-13","蘊藏人們潛力的 25 年","ok","skipped","https://blog.mozilla.com.tw/?p=5157","https://web.archive.org/web/20201231235959/https://blog.mozilla.com.tw/posts/5157/25-years-of-human-potential"
"5161","2014-03-13","全球資訊網 25 歲生日快樂！Mozilla 持續推動 Web 開放","ok","skipped","https://blog.mozilla.com.tw/?p=5161","https://web.archive.org/web/20170421061235/https://blog.mozilla.com.tw/posts/5161/%E5%85%A8%E7%90%83%E8%B3%87%E8%A8%8A%E7%B6%B2-world-wide-web-25%E6%AD%B2%E7%94%9F%E6%97%A5%E5%BF%AB%E6%A8%82-mozilla%E9%BC%93%E5%8B%B5%E4%B8%96%E7%95%8C%E7%B6%AD%E6%8C%81web%E9%96%8B%E6%94%BE"
"5174","2014-03-14","Mozilla 與 Epic Games 合作移植 Unreal Engine 4","ok","skipped","https://blog.mozilla.com.tw/?p=5174","https://web.archive.org/web/20190824010111/https://blog.mozilla.com.tw/posts/5174/mozilla-and-epic-preview-unreal-engine-4-running-in-firefox"
"5185","2014-03-27","Firefox OS App 開發入門 ─ 引言","ok","skipped","https://blog.mozilla.com.tw/?p=5185","https://web.archive.org/web/20201231235959/https://blog.mozilla.com.tw/posts/5185/app-basics-for-firefox-os-a-screencast-series-to-get-you-started"
"5190","2014-03-18","Firefox 動態磚版本的現狀","ok","skipped","https://blog.mozilla.com.tw/?p=5190","https://web.archive.org/web/20160901182930/https://blog.mozilla.com.tw/posts/5190/metro"
"5196","2014-03-19","遊戲開發者大會 (GDC) 2014 現場快報","ok","skipped","https://blog.mozilla.com.tw/?p=5196","https://web.archive.org/web/20160809210703/https://blog.mozilla.com.tw/posts/5196/gdc-2014-mozilla-and-partners-prove-the-web-is-the-platform-for-gaming"
"5200","2014-03-19","Mozilla 與 Unity 共同發表 Unity 5","ok","skipped","https://blog.mozilla.com.tw/?p=5200","https://web.archive.org/web/20190824010111/https://blog.mozilla.com.tw/posts/5200/mozilla-and-unity-bring-unity-game-engine-to-webgl"
"5214","2014-03-20","設計 Australis 附加元件即可贏得 Firefox OS 手機","ok","skipped","https://blog.mozilla.com.tw/?p=5214","https://web.archive.org/web/20160901235859/https://blog.mozilla.com.tw/posts/5214/create-add-ons-for-australis-to-win-a-firefox-os-phone"
"5229","2014-03-21","Mozilla 釋出內建 Firefox Accounts 功能之 Firefox Beta","ok","skipped","https://blog.mozilla.com.tw/?p=5229","https://web.archive.org/web/20170503181007/https://blog.mozilla.com.tw/posts/5229/help-test-the-new-firefox-beta-faster-simplified-and-easier-to-customize"
"5247","2014-03-26","遊戲開發引擎 Flambe 現亦支援 Firefox OS","ok","skipped","https://blog.mozilla.com.tw/?p=5247","https://web.archive.org/web/20170503181011/https://blog.mozilla.com.tw/posts/5247/flambe-provides-support-for-firefox-os"
"5254","2014-03-25","Mozilla 任命 JavaScript 發明人 Brendan Eich 為新任執行長","ok","skipped","https://blog.mozilla.com.tw/?p=5254","https://web.archive.org/web/20170803013159/https://blog.mozilla.com.tw/posts/5254/mozilla-leadership-changes"
"5268","2014-03-28","Firefox Marketplace：更新 App","ok","skipped","https://blog.mozilla.com.tw/?p=5268","https://web.archive.org/web/20160901185135/https://blog.mozilla.com.tw/posts/5268/updating-app"
"5275","2014-04-01","Firefox OS App 開發入門 (1)：打造絕佳 HTML5 App 的要素","ok","skipped","https://blog.mozilla.com.tw/?p=5275","https://web.archive.org/web/20201231235959/https://blog.mozilla.com.tw/posts/5275/what-makes-a-good-html5-app"
"5283","2014-04-02","Firefox OS App 開發入門 (2)：Manifest 檔案","ok","skipped","https://blog.mozilla.com.tw/?p=5283","https://web.archive.org/web/20201231235959/https://blog.mozilla.com.tw/posts/5283/manifest-files"
"5290","2014-04-03","Firefox OS App 開發入門 (3)：在模擬器中測試","ok","skipped","https://blog.mozilla.com.tw/?p=5290","https://web.archive.org/web/20160625080630/https://blog.mozilla.com.tw/posts/5290/testing-in-the-simulator"
"5297","2014-04-05","Brendan Eich 辭去 Mozilla 執行長職務","ok","skipped","https://blog.mozilla.com.tw/?p=5297","https://web.archive.org/web/20160404155115/https://blog.mozilla.com.tw/posts/5297/brendan-eich-steps-down-as-mozilla-ceo"
"5321","2014-04-07","Brendan Eich 卸任釋疑","ok","skipped","https://blog.mozilla.com.tw/?p=5321","https://web.archive.org/web/20201231235959/https://blog.mozilla.com.tw/posts/5321/faq-on-ceo-resignation"
"5328","2014-04-08","Firefox OS App 開發入門 (4)：在實機中測試","ok","skipped","https://blog.mozilla.com.tw/?p=5328","https://web.archive.org/web/20190825004817/https://blog.mozilla.com.tw/posts/5328/testing-on-the-device"
"5334","2014-04-09","Firefox OS App 開發入門 (5)：將 App 提交到 Marketplace","ok","skipped","https://blog.mozilla.com.tw/?p=5334","https://web.archive.org/web/20160625020339/https://blog.mozilla.com.tw/posts/5334/submit-app-to-marketplace"
"5355","2014-04-10","淺談 Firefox 30 開發者工具","ok","skipped","https://blog.mozilla.com.tw/?p=5355","https://web.archive.org/web/20160611123940/https://blog.mozilla.com.tw/posts/5355/box-model-highlighter-web-console-improvements-firefox-os-hud-more-firefox-developer-tools-episode-30"
"5369","2014-04-11","Firefox OS 與 Medic Mobile 透過 Web 串連全世界的醫療照護","ok","skipped","https://blog.mozilla.com.tw/?p=5369","https://web.archive.org/web/20190823235714/https://blog.mozilla.com.tw/posts/5369/firefox-os-and-medic-mobile-use-the-web-to-connect-the-world-to-healthcare"
"5383","2014-04-15","Mozilla 持續向前","ok","skipped","https://blog.mozilla.com.tw/?p=5383","https://web.archive.org/web/20201231235959/https://blog.mozilla.com.tw/posts/5383/mozilla-moving-forward"
"5388","2014-04-17","Firefox OS App 開發入門 (7)：Web Activities","ok","skipped","https://blog.mozilla.com.tw/?p=5388","https://web.archive.org/web/20190825004817/https://blog.mozilla.com.tw/posts/5388/web-activities"
"5395","2014-04-18","Rormix – 透過 Firefox OS 找到正夯的音樂影片","ok","skipped","https://blog.mozilla.com.tw/?p=5395","https://web.archive.org/web/20190825004817/https://blog.mozilla.com.tw/posts/5395/rormix"
"5424","2014-04-22","募集強大的 Web App 開發工具","ok","skipped","https://blog.mozilla.com.tw/?p=5424","https://web.archive.org/web/20190825004817/https://blog.mozilla.com.tw/posts/5424/powerful-tools-for-developing-web-apps"
"5432","2014-05-06","來量量手機的耗電量","ok","skipped","https://blog.mozilla.com.tw/?p=5432","https://web.archive.org/web/20190824010840/https://blog.mozilla.com.tw/posts/5432/measuring-power-consumption-on-phones"
"5435","2014-04-23","Firefox OS App 開發入門 (8)：推播通知","ok","skipped","https://blog.mozilla.com.tw/?p=5435","https://web.archive.org/web/20190825004817/https://blog.mozilla.com.tw/posts/5435/push-notification"
"5441","2014-04-24","Firefox OS App 開發入門 (9)：離線功能","ok","skipped","https://blog.mozilla.com.tw/?p=5441","https://web.archive.org/web/20151017035229/https://blog.mozilla.com.tw/posts/5441/offline-functionality"
"5446","2014-04-25","Firefox OS App 開發入門 (10)：深入了解","ok","skipped","https://blog.mozilla.com.tw/?p=5446","https://web.archive.org/web/20190825004817/https://blog.mozilla.com.tw/posts/5446/where-to-learn-more"
"5491","2014-04-30","Mozilla 發表全新改版 Firefox","ok","skipped","https://blog.mozilla.com.tw/?p=5491","https://web.archive.org/web/20160810073632/https://blog.mozilla.com.tw/posts/5491/mozilla-introduces-the-most-customizable-firefox-ever-with-an-elegant-new-design"
"5493","2014-04-30","Mozilla 同步發表具高度自訂功能的 Firefox for Android","ok","skipped","https://blog.mozilla.com.tw/?p=5493","https://web.archive.org/web/20160810115103/https://blog.mozilla.com.tw/posts/5493/firefox-for-android-is-more-customizable-than-ever"
"5519","2014-05-07","最新版 Firefox 提升的 asm.js 效能讓遊戲飛也似的執行！","ok","skipped","https://blog.mozilla.com.tw/?p=5519","https://web.archive.org/web/20201231235959/https://blog.mozilla.com.tw/posts/5519/asm-js-performance-improvements"
"5529","2014-05-08","Firefox Marketplace：App 測試與疑難排解","ok","skipped","https://blog.mozilla.com.tw/?p=5529","https://web.archive.org/web/20190824010840/https://blog.mozilla.com.tw/posts/5529/app-testing-and-troubleshooting"
"5533","2014-05-09","最新版 Firefox OS 問世 現可支援雙 SIM 卡待機","ok","skipped","https://blog.mozilla.com.tw/?p=5533","https://web.archive.org/web/20160810123913/https://blog.mozilla.com.tw/posts/5533/firefox-os-update-adds-new-features-including-dual-sim-support-and-enhancements-for-music-lovers-and-gamers"
"5543","2014-05-09","中興通訊 (ZTE) 搭載最新版 Firefox OS 智慧型手機於 eBay 上開賣","ok","skipped","https://blog.mozilla.com.tw/?p=5543","https://web.archive.org/web/20150907220931/https://blog.mozilla.com.tw/posts/5543/zte-starts-sales-of-open-c-firefox-os-phone-on-ebay"
"5565","2014-05-13","Firefox Sync 的新安全模式","ok","skipped","https://blog.mozilla.com.tw/?p=5565","https://web.archive.org/web/20181016035934/https://blog.mozilla.com.tw/posts/5565/firefox-syncs-new-security-model"
"5569","2014-05-14","América Móvil 開始發售 Firefox OS 智慧型手機","ok","skipped","https://blog.mozilla.com.tw/?p=5569","https://web.archive.org/web/20180118091224/https://blog.mozilla.com.tw/posts/5569/america-movil-launches-firefox-os-smartphones"
"5579","2014-05-15","DRM 與 Mozilla 服務之間的兩難","ok","skipped","https://blog.mozilla.com.tw/?p=5579","https://web.archive.org/web/20180425104618/https://blog.mozilla.com.tw/posts/5579/drm-and-the-challenge-of-serving-users"
"5589","2014-05-16","淺談 Firefox 31 開發者工具","ok","skipped","https://blog.mozilla.com.tw/?p=5589","https://web.archive.org/web/20201231235959/https://blog.mozilla.com.tw/posts/5589/editable-box-model-multiple-selection-sublime-text-keys-much-more-firefox-developer-tools-episode-31"
"5605","2014-05-20","PDF.js 到底有多快？","ok","skipped","https://blog.mozilla.com.tw/?p=5605","https://web.archive.org/web/20181017104127/https://blog.mozilla.com.tw/posts/5605/how-fast-is-pdf-js"
"5612","2014-05-22","HTML 在瀏覽器之外的延伸應用 (上)","ok","skipped","https://blog.mozilla.com.tw/?p=5612","https://web.archive.org/web/20190825002545/https://blog.mozilla.com.tw/posts/5612/html-out-of-the-browser-1"
"5617","2014-05-23","HTML 在瀏覽器之外的延伸應用 (下)","ok","skipped","https://blog.mozilla.com.tw/?p=5617","https://web.archive.org/web/20190825002545/https://blog.mozilla.com.tw/posts/5617/html-out-of-the-browser-2"
"5629","2014-05-21","來開發 Firefox OS 的筆記應用程式","ok","skipped","https://blog.mozilla.com.tw/?p=5629","https://web.archive.org/web/20190825002545/https://blog.mozilla.com.tw/posts/5629/building-a-persistent-notes-app-for-firefox-os"
"5663","2014-05-27","用 TogetherJS 與 CreateJS 開發多人遊戲 (上)","ok","skipped","https://blog.mozilla.com.tw/?p=5663","https://web.archive.org/web/20170106055555/https://blog.mozilla.com.tw/posts/5663/creating-a-multiplayer-game-with-togetherjs-and-createjs"
"5668","2014-05-29","用 TogetherJS 與 CreateJS 開發多人遊戲 (中)","ok","skipped","https://blog.mozilla.com.tw/?p=5668","https://web.archive.org/web/20190825002545/https://blog.mozilla.com.tw/posts/5668/creating-a-multiplayer-game-with-togetherjs-and-createjs-2"
"5672","2014-05-30","用 TogetherJS 與 CreateJS 開發多人遊戲 (下)","ok","skipped","https://blog.mozilla.com.tw/?p=5672","https://web.archive.org/web/20190825002545/https://blog.mozilla.com.tw/posts/5672/creating-a-multiplayer-game-with-togetherjs-and-createjs-3"
"5684","2014-05-28","Firefox OS 開發手機 Flame 於 everbuying.com 展開預售","ok","skipped","https://blog.mozilla.com.tw/?p=5684","https://web.archive.org/web/20190824011311/https://blog.mozilla.com.tw/posts/5684/pre-orders-start-today-for-flame"
"5704","2014-06-04","快用「Flame」打造下一個 App","ok","skipped","https://blog.mozilla.com.tw/?p=5704","https://web.archive.org/web/20190825002545/https://blog.mozilla.com.tw/posts/5704/build-your-next-app-with-a-flame"
"5714","2014-06-05","透過 Firefox Nightly 體驗 WebRTC","ok","skipped","https://blog.mozilla.com.tw/?p=5714","https://web.archive.org/web/20151017183759/https://blog.mozilla.com.tw/posts/5714/experimenting-with-webrtc-in-firefox-nightly"
"5720","2014-06-06","把開放源碼當做自己創業 (上)","ok","skipped","https://blog.mozilla.com.tw/?p=5720","https://web.archive.org/web/20151122015505/https://blog.mozilla.com.tw/posts/5720/treat-open-source-like-a-startup-1"
"5722","2014-06-10","把開放源碼當做自己創業 (下)","ok","skipped","https://blog.mozilla.com.tw/?p=5722","https://web.archive.org/web/20190825002545/https://blog.mozilla.com.tw/posts/5722/treat-open-source-like-a-startup-2"
"5740","2014-06-11","Firefox OS 合作版圖再下一城","ok","skipped","https://blog.mozilla.com.tw/?p=5740","https://web.archive.org/web/20160809212622/https://blog.mozilla.com.tw/posts/5740/firefox-os-cooperation-chunghwa-telecom"
"5756","2014-06-11","透過 Firefox 隨時知曉你正關心的大小事","ok","skipped","https://blog.mozilla.com.tw/?p=5756","https://web.archive.org/web/20151122014636/https://blog.mozilla.com.tw/posts/5756/stay-connected-to-the-things-you-love-with-firefox"
"5773","2014-06-12","PlayCanvas 也加入開放源碼 (上)","ok","skipped","https://blog.mozilla.com.tw/?p=5773","https://web.archive.org/web/20190825003535/https://blog.mozilla.com.tw/posts/5773/playcanvas-goes-open-source-1"
"5777","2014-06-13","PlayCanvas 也加入開放源碼 (下)","ok","skipped","https://blog.mozilla.com.tw/?p=5777","https://web.archive.org/web/20190825003535/https://blog.mozilla.com.tw/posts/5777/playcanvas-goes-open-source-2"
"5795","2014-06-18","在 Android 上執行 Firefox OS App","ok","skipped","https://blog.mozilla.com.tw/?p=5795","https://web.archive.org/web/20190825003535/https://blog.mozilla.com.tw/posts/5795/firefox-os-apps-run-on-android"
"5805","2014-06-19","測試自己的原生 Android App","ok","skipped","https://blog.mozilla.com.tw/?p=5805","https://web.archive.org/web/20170531225723/https://blog.mozilla.com.tw/posts/5805/testing-your-native-android-app"
"5812","2014-06-20","Firefox Marketplace：App 截圖準則","ok","skipped","https://blog.mozilla.com.tw/?p=5812","https://web.archive.org/web/20150405011526/https://blog.mozilla.com.tw/posts/5812/marketplace-screenshot-criteria"
"5821","2014-06-23","淺談 Firefox 32 開發者工具","ok","skipped","https://blog.mozilla.com.tw/?p=5821","https://web.archive.org/web/20201231235959/https://blog.mozilla.com.tw/posts/5821/toolbox-inspector-scratchpad-improvements-firefox-developer-tools-episode-32"
"5836","2014-06-24","美國總統歐巴馬 (Obama) 宣佈 Mozilla Maker Party 2014 正式開始","ok","skipped","https://blog.mozilla.com.tw/?p=5836","https://web.archive.org/web/20201231235959/https://blog.mozilla.com.tw/posts/5836/president-obama-announces-mozillas-maker-party-2014-at-first-ever-white-house-maker-faire"
"5846","2014-06-25","介紹 Firefox 開發者工具之 Web Audio 編輯器","ok","skipped","https://blog.mozilla.com.tw/?p=5846","https://web.archive.org/web/20171217132245/https://blog.mozilla.com.tw/posts/5846/introducing-the-web-audio-editor-in-firefox-developer-tools"
"5858","2014-06-26","Mozilla 宣佈建構新的線上社群平台","ok","skipped","https://blog.mozilla.com.tw/?p=5858","https://web.archive.org/web/20140712215009/https://blog.mozilla.com.tw/posts/5858/mozilla-announces-a-partnership-with-the-new-york-times-the-washington-post-and-knight-foundation-for-a-new-online-community-platform"
"5876","2014-07-04","ServiceWorkers 與 Firefox","ok","skipped","https://blog.mozilla.com.tw/?p=5876","https://web.archive.org/web/20201231235959/https://blog.mozilla.com.tw/posts/5876/serviceworkers-and-firefox"
"5883","2014-07-08","我們看重網路隱私權","ok","skipped","https://blog.mozilla.com.tw/?p=5883","https://web.archive.org/web/20190825012214/https://blog.mozilla.com.tw/posts/5883/building-a-global-community-of-privacy-contributors-and-advocates-through-mozilla"
"5923","2014-07-18","Firefox OS 生日快樂！持續拓展新裝置與巿場","ok","skipped","https://blog.mozilla.com.tw/?p=5923","https://web.archive.org/web/20160328071843/https://blog.mozilla.com.tw/posts/5923/firefox-os-ecosystem-shows-strong-momentum"
"5927","2014-07-18","提升 JPEG 圖像編碼作業","ok","skipped","https://blog.mozilla.com.tw/?p=5927","https://web.archive.org/web/20201231235959/https://blog.mozilla.com.tw/posts/5927/improving-jpeg-image-encoding"
"5940","2014-07-22","該如何寫出更好的軟體？─ 系列訪談之一 (上)","ok","skipped","https://blog.mozilla.com.tw/?p=5940","https://web.archive.org/web/20190823235536/https://blog.mozilla.com.tw/posts/5940/how-can-we-write-better-software-interview-series-part-1"
"5952","2014-07-24","Mozilla 率先開發之技術首次應用於 Web 商業遊戲","ok","skipped","https://blog.mozilla.com.tw/?p=5952","https://web.archive.org/web/20160809210645/https://blog.mozilla.com.tw/posts/5952/first-commercial-web-games-launch-leveraging-mozilla-pioneered-technology"
"5961","2014-07-24","Prefer:Safe — 讓 Firefox 的線上安全更簡單","ok","skipped","https://blog.mozilla.com.tw/?p=5961","https://web.archive.org/web/20160604162457/https://blog.mozilla.com.tw/posts/5961/prefersafe"
"5967","2014-07-25","該如何寫出更好的軟體？─ 系列訪談之一 (下)","ok","skipped","https://blog.mozilla.com.tw/?p=5967","https://web.archive.org/web/20160817015026/https://blog.mozilla.com.tw/posts/5967/how-can-we-write-better-software-2"
"5975","2014-08-01","COSCUP 2014 之 Firefox OS 手機超熱門花絮！","ok","skipped","https://blog.mozilla.com.tw/?p=5975","https://web.archive.org/web/20180820020714/https://blog.mozilla.com.tw/posts/5975/mozilla_at_coscup_2014"
"5978","2014-07-28","Firefox for Android 測試版更能輕鬆自訂 Web 經驗","ok","skipped","https://blog.mozilla.com.tw/?p=5978","https://web.archive.org/web/20160806062015/https://blog.mozilla.com.tw/posts/5978/firefox-for-android-beta-makes-it-even-easier-to-customize-your-web-experience"
"5997","2014-07-29","Mozilla 任命 Chris Beard 為新任執行長","ok","skipped","https://blog.mozilla.com.tw/?p=5997","https://web.archive.org/web/20160809212543/https://blog.mozilla.com.tw/posts/5997/chris-beard-named-ceo-of-mozilla"
"6016","2014-07-30","用 Firefox Hub 附加元件自創 Firefox for Android 分頁面板","ok","skipped","https://blog.mozilla.com.tw/?p=6016","https://web.archive.org/web/20160806061230/https://blog.mozilla.com.tw/posts/6016/building-firefox-hub-add-ons-for-firefox-for-android"
"6024","2014-07-31","強化 Firefox 的惡意程式偵測功能","ok","skipped","https://blog.mozilla.com.tw/?p=6024","https://web.archive.org/web/20160817155201/https://blog.mozilla.com.tw/posts/6024/improving-malware-detection-in-firefox"
"6031","2014-08-05","HTML5 遊戲開發資源 (上)","ok","skipped","https://blog.mozilla.com.tw/?p=6031","https://web.archive.org/web/20181109095940/https://blog.mozilla.com.tw/posts/6031/resources-for-html5-game-developers-1"
"6039","2014-08-06","HTML5 遊戲開發資源 (下)","ok","skipped","https://blog.mozilla.com.tw/?p=6039","https://web.archive.org/web/20180824082214/https://blog.mozilla.com.tw/posts/6039/resources-for-html5-game-developers-2"
"6042","2014-08-07","該如何奪回 Firefox 被綁架的首頁？─ 以 hao123 為例","ok","skipped","https://blog.mozilla.com.tw/?p=6042","https://web.archive.org/web/20191019115139/https://blog.mozilla.com.tw/?p=6042"
"6072","2014-08-08","淺談 Firefox 33 開發者工具","ok","skipped","https://blog.mozilla.com.tw/?p=6072","https://web.archive.org/web/20161002233445/https://blog.mozilla.com.tw/posts/6072/firefox-developer-tools-episode-33"
"6084","2014-08-13","用 mozjpeg 產生高效率的 JPEG","ok","skipped","https://blog.mozilla.com.tw/?p=6084","https://web.archive.org/web/20160918220215/https://blog.mozilla.com.tw/posts/6084/using-mozjpeg-to-create-efficient-jpegs"
"6092","2014-08-12","Firefox Marketplace：付款服務狀態","ok","skipped","https://blog.mozilla.com.tw/?p=6092","https://web.archive.org/web/20160329152612/https://blog.mozilla.com.tw/posts/6092/payments-status"
"6098","2014-08-15","『Firefox 愛在鵲橋 狐你幸福』活動得獎名單公告","ok","skipped","https://blog.mozilla.com.tw/?p=6098","https://web.archive.org/web/20150512084044/https://blog.mozilla.com.tw/posts/6098/chinese-valentines-day-winners-announcement"
"6110","2014-08-14","我從樂高 (LEGO) 學到的二三事 (以及對社群的其他想法)","ok","skipped","https://blog.mozilla.com.tw/?p=6110","https://web.archive.org/web/20191019115101/https://blog.mozilla.com.tw/?p=6110"
"6115","2014-08-20","Firefox Marketplace：manifest 檔案常見問題","ok","skipped","https://blog.mozilla.com.tw/?p=6115","https://web.archive.org/web/20190825004626/https://blog.mozilla.com.tw/posts/6115/app-manifest-faq"
"6131","2014-08-21","將自己的 Facebook 頁面轉為 Firefox OS 行動 App","ok","skipped","https://blog.mozilla.com.tw/?p=6131","https://web.archive.org/web/20190825004626/https://blog.mozilla.com.tw/posts/6131/turn-your-facebook-page-into-a-firefox-os-mobile-app"
"6140","2014-08-22","廣告應更注重信任、透明度、使用者控制等原則","ok","skipped","https://blog.mozilla.com.tw/?p=6140","https://web.archive.org/web/20190823235633/https://blog.mozilla.com.tw/posts/6140/a-call-for-trust-transparency-and-user-control-in-advertising"
"6147","2014-09-01","Firefox OS 智慧型手機將改變印度的行動生態","ok","skipped","https://blog.mozilla.com.tw/?p=6147","https://web.archive.org/web/20190824011311/https://blog.mozilla.com.tw/posts/6147/first-firefox-os-smartphones-available-in-india-this-week"
"6166","2014-08-28","為 Firefox OS 打造 Firefox 瀏覽器 (中)","ok","skipped","https://blog.mozilla.com.tw/?p=6166","https://web.archive.org/web/20160607034354/https://blog.mozilla.com.tw/posts/6166/building-the-firefox-browser-for-firefox-os-2"
"6169","2014-08-29","為 Firefox OS 打造 Firefox 瀏覽器 (下)","ok","skipped","https://blog.mozilla.com.tw/?p=6169","https://web.archive.org/web/20190825004626/https://blog.mozilla.com.tw/posts/6169/building-the-firefox-browser-for-firefox-os-3"
"6222","2014-09-04","瀏覽器中的程式設計遊戲","ok","skipped","https://blog.mozilla.com.tw/?p=6222","https://web.archive.org/web/20160607071241/https://blog.mozilla.com.tw/posts/6222/programming-games-in-the-browser"
"6226","2014-09-03","打造屬於自己的 Firefox for Android","ok","skipped","https://blog.mozilla.com.tw/?p=6226","https://web.archive.org/web/20190824000326/https://blog.mozilla.com.tw/posts/6226/make-firefox-for-android-yours"
"6239","2014-09-09","<歡迎測試> Firefox for Android Beta 的影片傳送功能","ok","skipped","https://blog.mozilla.com.tw/?p=6239","https://web.archive.org/web/20160806061608/https://blog.mozilla.com.tw/posts/6239/firefox-for-android-beta-send-to-device"
"6243","2014-09-09","協助測試 Firefox Beta 中的 WebRTC 通訊功能","ok","skipped","https://blog.mozilla.com.tw/?p=6243","https://web.archive.org/web/20160529220721/https://blog.mozilla.com.tw/posts/6243/test-webrtc-in-firefox-beta"
"6263","2014-09-12","影片：透過 Flame 入門開發 Web App (上)","ok","skipped","https://blog.mozilla.com.tw/?p=6263","https://web.archive.org/web/20190823235655/https://blog.mozilla.com.tw/posts/6263/videos-getting-started-with-your-flame-device"
"6265","2014-09-15","影片：透過 Flame 入門開發 Web App (下)","ok","skipped","https://blog.mozilla.com.tw/?p=6265","https://web.archive.org/web/20190823235655/https://blog.mozilla.com.tw/posts/6265/videos-getting-started-with-your-flame-device-2"
"6296","2014-09-18","建構互動的 HTML5 影片","ok","skipped","https://blog.mozilla.com.tw/?p=6296","https://web.archive.org/web/20181109120554/https://blog.mozilla.com.tw/posts/6296/building-interactive-html5-videos"
"6306","2014-09-17","Firefox OS 續展亞洲版圖","ok","skipped","https://blog.mozilla.com.tw/?p=6306","https://web.archive.org/web/20160716225535/https://blog.mozilla.com.tw/posts/6306/expanding-reach-in-asia-telenor-group-brings-firefox-os-smartphones-to-bangladesh"
"6324","2014-09-23","「PhoneGap Developer」支援 Firefox OS 搶先看","ok","skipped","https://blog.mozilla.com.tw/?p=6324","https://web.archive.org/web/20160802140438/https://blog.mozilla.com.tw/posts/6324/phonegap-developer-app-preview-for-firefox-os"
"6333","2014-09-24","淺談 Firefox 34 開發者工具","ok","skipped","https://blog.mozilla.com.tw/?p=6333","https://web.archive.org/web/20170821070137/https://blog.mozilla.com.tw/posts/6333/firefox-developer-tools-episode-34"
"6359","2014-09-25","以 Firefox 附加元件跨裝置與瀏覽器開發 Web","ok","skipped","https://blog.mozilla.com.tw/?p=6359","https://web.archive.org/web/20160802181704/https://blog.mozilla.com.tw/posts/6359/firefox-add-on-enables-web-development-across-browsers-and-devices"
"6367","2014-09-30","如何切換在 Firefox 中的 PDF 檢視器","ok","skipped","https://blog.mozilla.com.tw/?p=6367","https://web.archive.org/web/20160802120408/https://blog.mozilla.com.tw/posts/6367/switch-firefox-pdf-viewer"
"6399","2014-10-01","Matchstick 將 Firefox OS 導入你的高畫質電視","ok","skipped","https://blog.mozilla.com.tw/?p=6399","https://web.archive.org/web/20190823235655/https://blog.mozilla.com.tw/posts/6399/matchstick-brings-firefox-os-to-your-hdtv"
"6413","2014-10-02","該如何寫出更好的軟體？─ 系列訪談之二 (上)","ok","skipped","https://blog.mozilla.com.tw/?p=6413","https://web.archive.org/web/20201231235959/https://blog.mozilla.com.tw/posts/6413/how-can-we-write-better-software-interview-series-part-2"
"6429","2014-10-07","該如何寫出更好的軟體？─ 系列訪談之二 (下)","ok","skipped","https://blog.mozilla.com.tw/?p=6429","https://web.archive.org/web/20201231235959/https://blog.mozilla.com.tw/posts/6429/how-can-we-write-better-software-interview-series-part-2-3"
"6477","2014-10-09","Firefox OS 全球 24 國上巿 持續成長力道","ok","skipped","https://blog.mozilla.com.tw/?p=6477","https://web.archive.org/web/20190823235742/https://blog.mozilla.com.tw/posts/6477/firefox-os-24"
"6500","2014-10-14","JSDC 2014 花絮回顧","ok","skipped","https://blog.mozilla.com.tw/?p=6500","https://web.archive.org/web/20160607112702/https://blog.mozilla.com.tw/posts/6500/jsdc-2014"
"6521","2014-10-15","Mozilla 宣佈與遊戲發售平台「Humble Bundle」合作","ok","skipped","https://blog.mozilla.com.tw/?p=6521","https://web.archive.org/web/20160809210718/https://blog.mozilla.com.tw/posts/6521/play-awesome-indie-games-directly-in-firefox"
"6525","2014-10-17","Firefox 十週年活動 幸福的狐家元件","ok","skipped","https://blog.mozilla.com.tw/?p=6525","https://web.archive.org/web/20190825001612/https://blog.mozilla.com.tw/posts/6525/firefox-anniversary"
"6532","2014-10-16","OpenH264 現已進入 Firefox","ok","skipped","https://blog.mozilla.com.tw/?p=6532","https://web.archive.org/web/20150923120827/https://blog.mozilla.com.tw/posts/6532/openh264-now-in-firefox"
"6541","2014-10-17","快來測試 Firefox Beta 中的「Firefox Hello」新功能","ok","skipped","https://blog.mozilla.com.tw/?p=6541","https://web.archive.org/web/20160805031551/https://blog.mozilla.com.tw/posts/6541/test-the-new-firefox-hello-webrtc-feature-in-firefox-beta"
"6554","2014-10-28","充滿歡笑的 Firefox 校園大使年中聚會活動花絮","ok","skipped","https://blog.mozilla.com.tw/?p=6554","https://web.archive.org/web/20191019123401/https://blog.mozilla.com.tw/?p=6554"
"6603","2014-10-24","你是 Firefox 愛用者嗎？快來看看自己是否有 Firefox 使用者特質","ok","skipped","https://blog.mozilla.com.tw/?p=6603","https://web.archive.org/web/20160809120743/https://blog.mozilla.com.tw/posts/6603/firefox-ten-anniversary"
"6606","2014-10-29","現在也能用 Github 帳號登入 MDN！","ok","skipped","https://blog.mozilla.com.tw/?p=6606","https://web.archive.org/web/20161020205201/https://blog.mozilla.com.tw/posts/6606/mdn-sign-in-with-github"
"6610","2014-10-24","Firefox 十週年問卷調查 – 中獎名單公告","ok","skipped","https://blog.mozilla.com.tw/?p=6610","https://web.archive.org/web/20160805055721/https://blog.mozilla.com.tw/posts/6610/firefox-10-award"
"6624","2014-10-31","OpenType 字型中的 SVG 與色彩","ok","skipped","https://blog.mozilla.com.tw/?p=6624","https://web.archive.org/web/20161020205156/https://blog.mozilla.com.tw/posts/6624/svg-colors-in-opentype-fonts"
"6635","2014-10-30","W3C 宣佈 HTML5 進入「建議」階段","ok","skipped","https://blog.mozilla.com.tw/?p=6635","https://web.archive.org/web/20190824011311/https://blog.mozilla.com.tw/posts/6635/html5-reaches-the-recommendation-stage"
"6646","2015-01-28","Firefox Marketplace：提交作業檢查清單","ok","skipped","https://blog.mozilla.com.tw/?p=6646","https://web.archive.org/web/20200805164613/https://blog.mozilla.com.tw/?p=6646"
"6648","2014-11-04","首款開發者專屬瀏覽器即將登場","ok","skipped","https://blog.mozilla.com.tw/?p=6648","https://web.archive.org/web/20160530173723/https://blog.mozilla.com.tw/posts/6648/the-first-browser-dedicated-to-developers-is-coming"
"6665","2014-11-06","Firefox OS 已由新合作夥伴拓展至非洲","ok","skipped","https://blog.mozilla.com.tw/?p=6665","https://web.archive.org/web/20150923123150/https://blog.mozilla.com.tw/posts/6665/firefox-os-ecosystem-to-expand-to-africa-with-support-from-new-partners"
"6671","2014-11-07","Mozilla Stumbler 1.0 地理定位 App 現已於 Google Play 上架","ok","skipped","https://blog.mozilla.com.tw/?p=6671","https://web.archive.org/web/20160806060752/https://blog.mozilla.com.tw/posts/6671/mozilla-stumbler-1-0-google-play"
"6679","2014-11-11","首款專為開發者打造的瀏覽器：Firefox 開發者版本","ok","skipped","https://blog.mozilla.com.tw/?p=6679","https://web.archive.org/web/20201231235959/https://blog.mozilla.com.tw/posts/6679/firefox-developer-edition"
"6684","2014-11-11","慶祝 Web 的多元選擇、控制、獨立性","ok","skipped","https://blog.mozilla.com.tw/?p=6684","https://web.archive.org/web/20160809145838/https://blog.mozilla.com.tw/posts/6684/celebrating-choice-control-and-independence-on-the-web"
"6695","2014-11-11","Firefox 歡慶 10 歲生日 Firefox 周年紀念版與開發者版上線","ok","skipped","https://blog.mozilla.com.tw/?p=6695","https://web.archive.org/web/20160809151025/https://blog.mozilla.com.tw/posts/6695/firefox-%e6%ad%a1%e6%85%b6-10-%e6%ad%b2%e7%94%9f%e6%97%a5%ef%bc%81-firefox-%e5%91%a8%e5%b9%b4%e7%b4%80%e5%bf%b5%e7%89%88%e8%88%87%e9%96%8b%e7%99%bc%e8%80%85%e7%89%88%e4%b8%8a%e7%b7%9a"
"6715","2014-11-13","祝賀 Firefox 的十年","ok","skipped","https://blog.mozilla.com.tw/?p=6715","https://web.archive.org/web/20160325015805/https://blog.mozilla.com.tw/posts/6715/celebrating-10-years-of-firefox-2"
"6721","2014-11-19","Firefox 十年的光陰與 Web 平台的創新","ok","skipped","https://blog.mozilla.com.tw/?p=6721","https://web.archive.org/web/20190823235742/https://blog.mozilla.com.tw/posts/6721/10-years-of-firefox-and-innovation"
"6736","2014-11-14","菲律賓推出第一支 Firefox OS 智慧型手機","ok","skipped","https://blog.mozilla.com.tw/?p=6736","https://web.archive.org/web/20160529190932/https://blog.mozilla.com.tw/posts/6736/first-firefox-os-smartphones-in-the-philippines"
"6744","2014-11-18","Flame 現可下載 Firefox OS 2.0 開發者預覽版本","ok","skipped","https://blog.mozilla.com.tw/?p=6744","https://web.archive.org/web/20190823235742/https://blog.mozilla.com.tw/posts/6744/developer-preview-of-firefox-os-2-0"
"6757","2014-11-20","Firefox 新搜尋策略：強化選擇與創新","ok","skipped","https://blog.mozilla.com.tw/?p=6757","https://web.archive.org/web/20160607034333/https://blog.mozilla.com.tw/posts/6757/new-search-strategy-for-firefox"
"6768","2014-11-21","Let’s Encrypt：普及 TLS 的重要一步","ok","skipped","https://blog.mozilla.com.tw/?p=6768","https://web.archive.org/web/20160805185022/https://blog.mozilla.com.tw/posts/6768/tls-everywhere"
"6775","2014-11-24","Mozilla 現在接受比特幣捐款","ok","skipped","https://blog.mozilla.com.tw/?p=6775","https://web.archive.org/web/20201231235959/https://blog.mozilla.com.tw/posts/6775/accepts-bitcoin"
"6782","2014-11-27","Firefox 十週年特展 花絮報導","ok","skipped","https://blog.mozilla.com.tw/?p=6782","https://web.archive.org/web/20160817083021/https://blog.mozilla.com.tw/posts/6782/firefox10th"
"6808","2014-11-25","在 WebIDE 中執行 Firefox OS/Gaia 自訂版本","ok","skipped","https://blog.mozilla.com.tw/?p=6808","https://web.archive.org/web/20190824000700/https://blog.mozilla.com.tw/posts/6808/webide-firefox-os-gaia"
"6824","2014-11-26","更輕鬆使用自動補完函式庫 (Polyfill)","ok","skipped","https://blog.mozilla.com.tw/?p=6824","https://web.archive.org/web/20201231235959/https://blog.mozilla.com.tw/posts/6824/using-polyfills"
"6825","2014-11-27","『Firefox 十週年』活動得獎名單公告","ok","skipped","https://blog.mozilla.com.tw/?p=6825","https://web.archive.org/web/20160809121742/https://blog.mozilla.com.tw/posts/6825/firefox10th-winners-announcement"
"6841","2014-12-11","Mozilla 與 Telenor 宣佈設立 WebRTC Competency Center","ok","skipped","https://blog.mozilla.com.tw/?p=6841","https://web.archive.org/web/20150923113344/https://blog.mozilla.com.tw/posts/6841/mozilla-telenor-webrtc-competency-center"
"6849","2014-12-12","Firefox 搜尋功能之改變","ok","skipped","https://blog.mozilla.com.tw/?p=6849","https://web.archive.org/web/20190919111220/https://blog.mozilla.com.tw/?p=6849"
"6852","2014-12-17","Firefox OS 生態系統持續成長","ok","skipped","https://blog.mozilla.com.tw/?p=6852","https://web.archive.org/web/20190919102344/https://blog.mozilla.com.tw/?p=6852"
"6862","2014-12-18","邀所有 Beta 使用者協助測試 Firefox Hello 的簡化撥打功能","ok","skipped","https://blog.mozilla.com.tw/?p=6862","https://web.archive.org/web/20190919104154/https://blog.mozilla.com.tw/?p=6862"
"6869","2014-12-25","Firefox OS 的 NFC 功能","ok","skipped","https://blog.mozilla.com.tw/?p=6869","https://web.archive.org/web/20190919102719/https://blog.mozilla.com.tw/?p=6869"
"6871","2014-12-22","淺談 Firefox 36 開發者工具","ok","skipped","https://blog.mozilla.com.tw/?p=6871","https://web.archive.org/web/20190919102909/https://blog.mozilla.com.tw/?p=6871"
"6886","2014-12-24","Firebug 3 與多程序 Firefox (e10s)","ok","skipped","https://blog.mozilla.com.tw/?p=6886","https://web.archive.org/web/20190919104914/https://blog.mozilla.com.tw/?p=6886"
"6893","2014-12-23","Mozilla 與 KDDI 攜手導入日本首款 Firefox OS 智慧型手機","ok","skipped","https://blog.mozilla.com.tw/?p=6893","https://web.archive.org/web/20190919105213/https://blog.mozilla.com.tw/?p=6893"
"6912","2014-12-30","愛立信 (Ericsson) 現讓 OpenWebRTC 與 Firefox 可互相溝通","ok","skipped","https://blog.mozilla.com.tw/?p=6912","https://web.archive.org/web/20190919110902/https://blog.mozilla.com.tw/?p=6912"
"6915","2014-12-26","打造健康的網路並交給下一代","ok","skipped","https://blog.mozilla.com.tw/?p=6915","https://web.archive.org/web/20190919102141/https://blog.mozilla.com.tw/?p=6915"
"6926","2014-12-31","「Hacks」部落格 2014 年回顧","ok","skipped","https://blog.mozilla.com.tw/?p=6926","https://web.archive.org/web/20190919105441/https://blog.mozilla.com.tw/?p=6926"
"6937","2015-01-06","Firefox OS 釋放 Web 即平台的力量","ok","skipped","https://blog.mozilla.com.tw/?p=6937","https://web.archive.org/web/20160809210637/https://blog.mozilla.com.tw/posts/6937/firefoxosces2015"
"6956","2015-01-07","運用 Emscripten 移植遊戲 (上)","ok","skipped","https://blog.mozilla.com.tw/?p=6956","https://web.archive.org/web/20190824004659/https://blog.mozilla.com.tw/posts/6956/porting-to-emscripten-1"
"6965","2015-01-09","運用 Emscripten 移植遊戲 (下)","ok","skipped","https://blog.mozilla.com.tw/?p=6965","https://web.archive.org/web/20190919102237/https://blog.mozilla.com.tw/?p=6965"
"6985","2015-01-14","Firefox Hello 讓視訊電話就如同當面交談一樣簡單","ok","skipped","https://blog.mozilla.com.tw/?p=6985","https://web.archive.org/web/20201231235959/https://blog.mozilla.com.tw/posts/6985/firefox-hello"
"6988","2015-01-13","Mozilla Science Lab 獎學金方案開跑","ok","skipped","https://blog.mozilla.com.tw/?p=6988","https://web.archive.org/web/20201231235959/https://blog.mozilla.com.tw/posts/6988/science-lab-fellowship"
"6997","2015-01-15","Firefox 讓你體驗並分享更多的 Web","ok","skipped","https://blog.mozilla.com.tw/?p=6997","https://web.archive.org/web/20190919112100/https://blog.mozilla.com.tw/posts/6997/firefox-enables-share-more"
"7002","2015-01-16","全球 Mozillian 群像系列 ─ 比利時的莫妮可","ok","skipped","https://blog.mozilla.com.tw/?p=7002","https://web.archive.org/web/20190919112100/https://blog.mozilla.com.tw/posts/7002/mozillian-monique"
"7035","2015-01-26","全球 Mozillian 群像系列 ─ 約旦的拉米","ok","skipped","https://blog.mozilla.com.tw/?p=7035","https://web.archive.org/web/20200927103217/https://blog.mozilla.com.tw/?p=7035"
"7052","2015-01-29","正視國際資料隱私日","ok","skipped","https://blog.mozilla.com.tw/?p=7052","https://web.archive.org/web/20200927111430/https://blog.mozilla.com.tw/?p=7052"
"7059","2015-01-30","Canvas 2D：新的 Path2D 物件與點擊區域","ok","skipped","https://blog.mozilla.com.tw/?p=7059","https://web.archive.org/web/20200805164857/https://blog.mozilla.com.tw/?p=7059"
"7063","2015-02-03","P2P Web 系列之一：Firefox OS 中的 Wi-Fi Direct","ok","skipped","https://blog.mozilla.com.tw/?p=7063","https://web.archive.org/web/20200805162912/https://blog.mozilla.com.tw/?p=7063"
"7068","2015-02-05","Marketplace 轉用 Firefox Accounts","ok","skipped","https://blog.mozilla.com.tw/?p=7068","https://web.archive.org/web/20200805163107/https://blog.mozilla.com.tw/?p=7068"
"7083","2015-02-06","BroadcastChannel API 現已進入 Firefox 38","ok","skipped","https://blog.mozilla.com.tw/?p=7083","https://web.archive.org/web/20200927090209/https://blog.mozilla.com.tw/?p=7083"
"7088","2015-02-10","舊版 Sync 使用者轉換為 Firefox Accounts","ok","skipped","https://blog.mozilla.com.tw/?p=7088","https://web.archive.org/web/20200927090651/https://blog.mozilla.com.tw/?p=7088"
"7093","2015-02-11","簡介 node-firefox (上)","ok","skipped","https://blog.mozilla.com.tw/?p=7093","https://web.archive.org/web/20200805155540/https://blog.mozilla.com.tw/?p=7093"
"7098","2015-02-12","簡介 node-firefox (下)","ok","skipped","https://blog.mozilla.com.tw/?p=7098","https://web.archive.org/web/20200805155720/https://blog.mozilla.com.tw/?p=7098"
"7111","2015-03-11","簡介「object-fit」","ok","skipped","https://blog.mozilla.com.tw/?p=7111","https://web.archive.org/web/20150510052105/https://blog.mozilla.com.tw/posts/7111/object-fit"
"7115","2015-02-26","在 Firefox OS 內嵌入 HTTP Web Server","ok","skipped","https://blog.mozilla.com.tw/?p=7115","https://web.archive.org/web/20200805164203/https://blog.mozilla.com.tw/?p=7115"
"7118","2015-02-13","Open Web App 頻道更強化了意見反饋管道","ok","skipped","https://blog.mozilla.com.tw/?p=7118","https://web.archive.org/web/20200805170157/https://blog.mozilla.com.tw/?p=7118"
"7123","2015-02-17","維護 Web 自由與開放的轉捩點","ok","skipped","https://blog.mozilla.com.tw/?p=7123","https://web.archive.org/web/20200927091229/https://blog.mozilla.com.tw/?p=7123"
"7129","2015-02-24","到 MWC 2015 體驗最新 Firefox OS 裝置並了解 Mozilla 的關鍵下一步","ok","skipped","https://blog.mozilla.com.tw/?p=7129","https://web.archive.org/web/20200927101042/https://blog.mozilla.com.tw/?p=7129"
"7141","2015-02-25","Unreal Engine 4.7 現已納入 HTML5 匯出功能","ok","skipped","https://blog.mozilla.com.tw/?p=7141","https://web.archive.org/web/20200805165220/https://blog.mozilla.com.tw/?p=7141"
"7152","2015-03-20","「絲綢」專案 (下)","ok","skipped","https://blog.mozilla.com.tw/?p=7152","https://web.archive.org/web/20160902014912/https://blog.mozilla.com.tw/posts/7152/project-silk-2"
"7166","2015-03-02","Mozilla 於 MWC 2015 發表 Firefox OS 最新推廣成果","ok","skipped","https://blog.mozilla.com.tw/?p=7166","https://web.archive.org/web/20160809212534/https://blog.mozilla.com.tw/posts/7166/mwc-2015-firefox-os"
"7169","2015-03-02","Mozilla 與電信合作夥伴攜手 打造新型態 Firefox OS 行動裝置","ok","skipped","https://blog.mozilla.com.tw/?p=7169","https://web.archive.org/web/20200927100321/https://blog.mozilla.com.tw/?p=7169"
"7187","2015-03-08","2015 Mozilla 校園徵才博覽會 等你來相會！","ok","skipped","https://blog.mozilla.com.tw/?p=7187","https://web.archive.org/web/20201231235959/https://blog.mozilla.com.tw/events/2015-mozilla-campus-events"
"7194","2015-03-05","淺談 Firefox 38 開發者工具","ok","skipped","https://blog.mozilla.com.tw/?p=7194","https://web.archive.org/web/20201231235959/https://blog.mozilla.com.tw/posts/7194/firefox-38-devtool"
"7206","2015-03-10","「Webmaker」是數位素養的新培養方式","ok","skipped","https://blog.mozilla.com.tw/?p=7206","https://web.archive.org/web/20160303081630/https://blog.mozilla.com.tw/posts/7206/webmaker-app"
"7213","2015-03-06","只要輕點滑鼠就能用 Unity 5 匯出 WebGL 內容","ok","skipped","https://blog.mozilla.com.tw/?p=7213","https://web.archive.org/web/20150509093210/https://blog.mozilla.com.tw/posts/7213/unity-5-webgl"
"7224","2015-03-12","簡單初探 WebGL 2","ok","skipped","https://blog.mozilla.com.tw/?p=7224","https://web.archive.org/web/20160902022934/https://blog.mozilla.com.tw/posts/7224/webgl-2"
"7228","2015-03-13","將原生遊戲送上 Web 的進度看來有點超前","ok","skipped","https://blog.mozilla.com.tw/?p=7228","https://web.archive.org/web/20160901215933/https://blog.mozilla.com.tw/posts/7228/native-game-web"
"7241","2015-03-24","asm.js 在多家瀏覽器上的效能均有斬獲 (上)","ok","skipped","https://blog.mozilla.com.tw/?p=7241","https://web.archive.org/web/20160902015649/https://blog.mozilla.com.tw/posts/7241/asm-js-1"
"7243","2015-03-26","asm.js 在多家瀏覽器上的效能均有斬獲 (下)","ok","skipped","https://blog.mozilla.com.tw/?p=7243","https://web.archive.org/web/20160902013300/https://blog.mozilla.com.tw/posts/7243/asm-js-2"
"7250","2015-03-27","與 Combain 合作完善 Mozilla 的定位服務","ok","skipped","https://blog.mozilla.com.tw/?p=7250","https://web.archive.org/web/20160901231651/https://blog.mozilla.com.tw/posts/7250/combain-location"
"7258","2015-03-19","MDN 研究方案開跑","ok","skipped","https://blog.mozilla.com.tw/?p=7258","https://web.archive.org/web/20160901231924/https://blog.mozilla.com.tw/posts/7258/mdn-fellowship"
"7265","2015-04-01","此 API 真可輕鬆提取！","ok","skipped","https://blog.mozilla.com.tw/?p=7265","https://web.archive.org/web/20170809231614/https://blog.mozilla.com.tw/posts/7265/fetch-api"
"7271","2015-03-25","MDN 研究方案之一：快來寫教學課程吧！","ok","skipped","https://blog.mozilla.com.tw/?p=7271","https://web.archive.org/web/20191212145211/https://blog.mozilla.com.tw/?p=7271"
"7284","2015-04-08","SVG 圖像最佳化","ok","skipped","https://blog.mozilla.com.tw/?p=7284","https://web.archive.org/web/20170322034253/https://blog.mozilla.com.tw/posts/7284/svg-optimising"
"7305","2015-04-07","歡迎 Allison Banks 就任人資副總裁","ok","skipped","https://blog.mozilla.com.tw/?p=7305","https://web.archive.org/web/20191113174006/https://blog.mozilla.com.tw/posts/7305/allison-banks"
"7315","2015-04-07","Firefox OS 登陸南非","ok","skipped","https://blog.mozilla.com.tw/?p=7315","https://web.archive.org/web/20160303071506/https://blog.mozilla.com.tw/posts/7315/firefox-os-south-africa"
"7325","2015-04-09","撤銷 CNNIC 的中繼憑證","ok","skipped","https://blog.mozilla.com.tw/?p=7325","https://web.archive.org/web/20191113180814/https://blog.mozilla.com.tw/?p=7325"
"7331","2015-04-16","你的開發者工具還缺哪些功能呢？","ok","skipped","https://blog.mozilla.com.tw/?p=7331","https://web.archive.org/web/20191113172335/https://blog.mozilla.com.tw/?p=7331"
"7338","2015-04-14","Firefox 38 的 WebRTC：多重串流與重新協商","ok","skipped","https://blog.mozilla.com.tw/?p=7338","https://web.archive.org/web/20191113171158/https://blog.mozilla.com.tw/?p=7338"
"7340","2015-04-10","Firefox for Android 已下載達一億次","ok","skipped","https://blog.mozilla.com.tw/?p=7340","https://web.archive.org/web/20191113171204/https://blog.mozilla.com.tw/?p=7340"
"7351","2015-04-21","了解 CSS Inline 元素的 Box Model","ok","skipped","https://blog.mozilla.com.tw/?p=7351","https://web.archive.org/web/20191113182201/https://blog.mozilla.com.tw/?p=7351"
"7360","2015-04-15","Pixel Perfect 2：Firefox 開發者工具擴充套件","ok","skipped","https://blog.mozilla.com.tw/?p=7360","https://web.archive.org/web/20191113180146/https://blog.mozilla.com.tw/?p=7360"
"7370","2015-04-17","用 Device Orientation 與 Vibration API 開發行動版遊戲","ok","skipped","https://blog.mozilla.com.tw/?p=7370","https://web.archive.org/web/20191019115006/https://blog.mozilla.com.tw/?p=7370"
"7378","2015-04-22","淺談 Firefox 39 開發者工具","ok","skipped","https://blog.mozilla.com.tw/?p=7378","https://web.archive.org/web/20191113171146/https://blog.mozilla.com.tw/?p=7378"
"7395","2015-04-23","fxpay 讓 In-app payments 更簡單","ok","skipped","https://blog.mozilla.com.tw/?p=7395","https://web.archive.org/web/20191113172824/https://blog.mozilla.com.tw/?p=7395"
"7403","2015-04-29","深入 ES6 系列：介紹","ok","skipped","https://blog.mozilla.com.tw/?p=7403","https://web.archive.org/web/20191113171028/https://blog.mozilla.com.tw/?p=7403"
"7412","2015-05-05","全球 Mozillian 群像系列 ─ 美國的班傑明","ok","skipped","https://blog.mozilla.com.tw/?p=7412","https://web.archive.org/web/20190825005734/https://blog.mozilla.com.tw/posts/7412/mozillian-ben"
"7423","2015-05-07","Firefox OS 動畫原力的黑暗面","ok","skipped","https://blog.mozilla.com.tw/?p=7423","https://web.archive.org/web/20190824002808/https://blog.mozilla.com.tw/posts/7423/firefox-os-animation-darkside"
"7435","2015-05-11","Orange 發表非洲首款 Firefox OS 智慧型手機","ok","skipped","https://blog.mozilla.com.tw/?p=7435","https://web.archive.org/web/20160809163509/https://blog.mozilla.com.tw/posts/7435/orange-africa-firefox-os"
"7449","2015-05-13","為大家更新 Firefox 與數位版權管理的消息","ok","skipped","https://blog.mozilla.com.tw/?p=7449","https://web.archive.org/web/20190825005734/https://blog.mozilla.com.tw/posts/7449/firefox-drm"
"7454","2015-05-13","申請 Firefox Account 並測試 Firefox Beta 的新功能","ok","skipped","https://blog.mozilla.com.tw/?p=7454","https://web.archive.org/web/20190824000152/https://blog.mozilla.com.tw/posts/7454/firefox-account-pocket"
"7462","2015-05-15","全球首款 Firefox OS 智慧電視已於歐洲銷售","ok","skipped","https://blog.mozilla.com.tw/?p=7462","https://web.archive.org/web/20160809212513/https://blog.mozilla.com.tw/posts/7462/firefox-os-smart-tv"
"7474","2015-05-27","Firefox 開發者工具擴充套件：RDP Inspector","ok","skipped","https://blog.mozilla.com.tw/?p=7474","https://web.archive.org/web/20191113171059/https://blog.mozilla.com.tw/?p=7474"
"7487","2015-05-21","深入 ES6 系列：迭代器與 for-of 迴圈 (上)","ok","skipped","https://blog.mozilla.com.tw/?p=7487","https://web.archive.org/web/20191019122947/https://blog.mozilla.com.tw/?p=7487"
"7491","2015-05-28","深入 ES6 系列：迭代器與 for-of 迴圈 (下)","ok","skipped","https://blog.mozilla.com.tw/?p=7491","https://web.archive.org/web/20191019121151/https://blog.mozilla.com.tw/?p=7491"
"7505","2015-05-20","Open Web Device 審查委員會認證第一款手持裝置","ok","skipped","https://blog.mozilla.com.tw/?p=7505","https://web.archive.org/web/20190825005734/https://blog.mozilla.com.tw/posts/7505/crb"
"7519","2015-05-25","Firefox for iOS 的進度更新","ok","skipped","https://blog.mozilla.com.tw/?p=7519","https://web.archive.org/web/20160809143806/https://blog.mozilla.com.tw/posts/7519/firefox-for-ios"
"7524","2015-05-29","Trainspotting 系列文章：Firefox 38","ok","skipped","https://blog.mozilla.com.tw/?p=7524","https://web.archive.org/web/20191113171728/https://blog.mozilla.com.tw/?p=7524"
"7575","2015-06-12","來充電吧：Battery Status API 的更新消息","ok","skipped","https://blog.mozilla.com.tw/?p=7575","https://web.archive.org/web/20190825001002/https://blog.mozilla.com.tw/posts/7575/battery-status-api"
"7590","2015-06-17","開發 HTML5 遊戲 — 也別忘了發佈喔","ok","skipped","https://blog.mozilla.com.tw/?p=7590","https://web.archive.org/web/20190825001002/https://blog.mozilla.com.tw/posts/7590/html5-game"
"7600","2015-06-18","Firefox 40 的效能新工具","ok","skipped","https://blog.mozilla.com.tw/?p=7600","https://web.archive.org/web/20190825004121/https://blog.mozilla.com.tw/posts/7600/firefox-40-performance"
"7619","2015-07-01","Trainspotting 系列文章：Firefox 39","ok","skipped","https://blog.mozilla.com.tw/?p=7619","https://web.archive.org/web/20190825004121/https://blog.mozilla.com.tw/posts/7619/trainspotting-firefox39"
"7630","2015-07-02","對 Firefox 不遠的期待","ok","skipped","https://blog.mozilla.com.tw/?p=7630","https://web.archive.org/web/20190825010819/https://blog.mozilla.com.tw/posts/7630/look-forward-to-firefox"
"7639","2015-07-03","Firefox 的新分享功能","ok","skipped","https://blog.mozilla.com.tw/?p=7639","https://web.archive.org/web/20190825004121/https://blog.mozilla.com.tw/posts/7639/firefox-sharing"
"7647","2015-07-08","Web Workers 有多快？","ok","skipped","https://blog.mozilla.com.tw/?p=7647","https://web.archive.org/web/20190824003942/https://blog.mozilla.com.tw/posts/7647/web-workers-fast"
"7655","2015-07-09","淺談 Firefox 41 開發者工具","ok","skipped","https://blog.mozilla.com.tw/?p=7655","https://web.archive.org/web/20190825004121/https://blog.mozilla.com.tw/posts/7655/firefox-41-devtools"
"7665","2015-07-15","用 Firefox Hello 聊天並分享","ok","skipped","https://blog.mozilla.com.tw/?p=7665","https://web.archive.org/web/20190825004121/https://blog.mozilla.com.tw/posts/7665/share-with-firefox-hello"
"7669","2015-07-16","Mozilla 的 Maker Party 現已開跑","ok","skipped","https://blog.mozilla.com.tw/?p=7669","https://web.archive.org/web/20191212144340/https://blog.mozilla.com.tw/?p=7669"
"7674","2015-07-21","Mozilla 揭示 Firefox OS 發展藍圖","ok","skipped","https://blog.mozilla.com.tw/?p=7674","https://web.archive.org/web/20160806061238/https://blog.mozilla.com.tw/posts/7674/look-forward-to-firefox-os"
"7685","2015-07-29","當獨角獸遇上 Firefox","ok","skipped","https://blog.mozilla.com.tw/?p=7685","https://web.archive.org/web/20190825004121/https://blog.mozilla.com.tw/posts/7685/unicorn-meet-firefox"
"7690","2015-07-24","歡慶 MDN 為大家記錄 Web 十年有成","ok","skipped","https://blog.mozilla.com.tw/?p=7690","https://web.archive.org/web/20160806061928/https://blog.mozilla.com.tw/posts/7690/mdn-10-years"
"7704","2015-08-01","Mozilla 呼籲守護線上的選擇與控制權","ok","skipped","https://blog.mozilla.com.tw/?p=7704","https://web.archive.org/web/20160806062921/https://blog.mozilla.com.tw/posts/7704/safeguarding-online"
"7714","2015-08-03","如何於 Windows 10 中重設或選擇 Firefox 為預設瀏覽器","ok","skipped","https://blog.mozilla.com.tw/?p=7714","https://web.archive.org/web/20191019115221/https://blog.mozilla.com.tw/?p=7714"
"7719","2015-08-03","給微軟執行長的一封公開信：請別在選擇與控制權上走回頭路","ok","skipped","https://blog.mozilla.com.tw/?p=7719","https://web.archive.org/web/20191019115239/https://blog.mozilla.com.tw/?p=7719"
"7739","2015-08-05","舊版 Sync 同步服務即將終止","ok","skipped","https://blog.mozilla.com.tw/?p=7739","https://web.archive.org/web/20160730151406/https://blog.mozilla.com.tw/posts/7739/shut-down-old-sync"
"7757","2015-08-12","Firefox for Windows 10 可供下載更新 附加元件更安全","ok","skipped","https://blog.mozilla.com.tw/?p=7757","https://web.archive.org/web/20191019120458/https://blog.mozilla.com.tw/?p=7757"
"7764","2015-08-14","Trainspotting 系列文章：Firefox 40","ok","skipped","https://blog.mozilla.com.tw/?p=7764","https://web.archive.org/web/20160730151018/https://blog.mozilla.com.tw/posts/7764/trainspotting-firefox-40"
"7774","2015-08-17","Firefox Pre-Beta 版本現可測試新的隱私瀏覽與附加元件功能","ok","skipped","https://blog.mozilla.com.tw/?p=7774","https://web.archive.org/web/20160730151324/https://blog.mozilla.com.tw/posts/7774/firefox-pre-beta"
"7782","2015-08-20","Pointer Events 現已進入 Firefox Nightly","ok","skipped","https://blog.mozilla.com.tw/?p=7782","https://web.archive.org/web/20160730151416/https://blog.mozilla.com.tw/posts/7782/pointer-events-in-nightly"
"7784","2015-08-18","Mozilla Webmaker 與大家見面","ok","skipped","https://blog.mozilla.com.tw/?p=7784","https://web.archive.org/web/20160806061959/https://blog.mozilla.com.tw/posts/7784/mozilla-webmaker"
"7793","2015-08-24","用附加元件強化自己的 Firefox","ok","skipped","https://blog.mozilla.com.tw/?p=7793","https://web.archive.org/web/20160806061711/https://blog.mozilla.com.tw/posts/7793/addons-firefox"
"7801","2015-08-21","Firefox 給你滿滿一「口袋」的驚喜","ok","skipped","https://blog.mozilla.com.tw/?p=7801","https://web.archive.org/web/20160730125330/https://blog.mozilla.com.tw/posts/7801/firefox-pocket"
"7808","2015-08-26","透過 WebBluetooth 就能用瀏覽器控制無人機","ok","skipped","https://blog.mozilla.com.tw/?p=7808","https://web.archive.org/web/20160730100638/https://blog.mozilla.com.tw/posts/7808/webbluetooth-drone"
"7832","2015-08-28","淺談 Firefox 42 開發者工具","ok","skipped","https://blog.mozilla.com.tw/?p=7832","https://web.archive.org/web/20160730094308/https://blog.mozilla.com.tw/posts/7832/firefox-42-devtools"
"7847","2015-09-01","看看艾瑪怎麼變成 Web 魔法師","ok","skipped","https://blog.mozilla.com.tw/?p=7847","https://web.archive.org/web/20160730104701/https://blog.mozilla.com.tw/posts/7847/emma-web-wizard"
"7871","2015-09-02","創設買斷式授權視訊聯盟","ok","skipped","https://blog.mozilla.com.tw/?p=7871","https://web.archive.org/web/20190825010819/https://blog.mozilla.com.tw/posts/7871/forging-aom"
"7885","2015-09-04","現已提供 Firefox for iOS 預覽版本","ok","skipped","https://blog.mozilla.com.tw/?p=7885","https://web.archive.org/web/20160730104719/https://blog.mozilla.com.tw/posts/7885/preview-firefox-for-ios"
"8069","2015-11-04","Mozilla 發佈最新版 Firefox 新增「追蹤保護」功能確保使用者瀏覽隱私","ok","skipped","https://blog.mozilla.com.tw/?p=8069","https://web.archive.org/web/20191019121823/https://blog.mozilla.com.tw/?p=8069"
"8084","2015-11-09","檢測網站的安全性與隱私設定","ok","skipped","https://blog.mozilla.com.tw/?p=8084","https://web.archive.org/web/20190824010456/https://blog.mozilla.com.tw/posts/8084/web-security-settings"
"8103","2015-11-16","淺談 Firefox 44 開發者工具","ok","skipped","https://blog.mozilla.com.tw/?p=8103","https://web.archive.org/web/20191019115145/https://blog.mozilla.com.tw/?p=8103"
"8121","2015-11-19","整合 Firebug 與開發者工具","ok","skipped","https://blog.mozilla.com.tw/?p=8121","https://web.archive.org/web/20191019125404/https://blog.mozilla.com.tw/?p=8121"
"8136","2015-11-12","Mozilla 釋出實驗性質 Android App ─ Firefox OS 2.5 開發者預覽版","ok","skipped","https://blog.mozilla.com.tw/?p=8136","https://web.archive.org/web/20160909231615/https://blog.mozilla.com.tw/posts/8136/fxos-25-devepreview"
"8150","2015-11-13","Firefox for iOS 已正式於 App Store 上架","ok","skipped","https://blog.mozilla.com.tw/?p=8150","https://web.archive.org/web/20190825002757/https://blog.mozilla.com.tw/posts/8150/firefox-ios"
"8171","2015-11-18","MozFest 2015：為 Open Web 團結社群並串連領袖","ok","skipped","https://blog.mozilla.com.tw/?p=8171","https://web.archive.org/web/20191212145759/https://blog.mozilla.com.tw/?p=8171"
"8200","2015-12-02","用 Firefox 及其他瀏覽器開拓 Web 的力量","ok","skipped","https://blog.mozilla.com.tw/?p=8200","https://web.archive.org/web/20191019121139/https://blog.mozilla.com.tw/?p=8200"
"8208","2015-11-30","Firefox 的新記憶體工具","ok","skipped","https://blog.mozilla.com.tw/?p=8208","https://web.archive.org/web/20191019123419/https://blog.mozilla.com.tw/?p=8208"
"8212","2015-12-15","透過 WebExtensions 將 Chrome 的擴充套件移植到 Firefox 上使用","ok","skipped","https://blog.mozilla.com.tw/?p=8212","https://web.archive.org/web/20190919103533/https://blog.mozilla.com.tw/?p=8212"
"8226","2015-12-04","為大家更新 Web Components 與 Firefox 的消息","ok","skipped","https://blog.mozilla.com.tw/?p=8226","https://web.archive.org/web/20191019120028/https://blog.mozilla.com.tw/?p=8226"
"8231","2015-12-08","清晰呈現檯面下的東西","ok","skipped","https://blog.mozilla.com.tw/?p=8231","https://web.archive.org/web/20191019122348/https://blog.mozilla.com.tw/?p=8231"
"8246","2015-12-08","Focus by Firefox – 為 Open Web 打造的內容攔截功能","ok","skipped","https://blog.mozilla.com.tw/?p=8246","https://web.archive.org/web/20190919110411/https://blog.mozilla.com.tw/?p=8246"
"8249","2015-12-08","Focus by Firefox ─ iOS 專用內容攔截功能","ok","skipped","https://blog.mozilla.com.tw/?p=8249","https://web.archive.org/web/20191019131436/https://blog.mozilla.com.tw/?p=8249"
"8259","2015-12-10","Firefox OS 的主軸將轉為連網裝置","ok","skipped","https://blog.mozilla.com.tw/?p=8259","https://web.archive.org/web/20191019115333/https://blog.mozilla.com.tw/?p=8259"
"8267","2015-12-16","Firefox 隱私瀏覽模式可讓你進一步掌握己身資料","ok","skipped","https://blog.mozilla.com.tw/?p=8267","https://web.archive.org/web/20191019123753/https://blog.mozilla.com.tw/?p=8267"
"8271","2015-12-17","現已釋出 Windows 適用的 Firefox 64 位元版本","ok","skipped","https://blog.mozilla.com.tw/?p=8271","https://web.archive.org/web/20180603234046/https://blog.mozilla.com.tw/posts/8271/windows-firefox-64"
"8275","2015-12-28","從 Game Jam 到行動裝置與 Firefox OS","ok","skipped","https://blog.mozilla.com.tw/?p=8275","https://web.archive.org/web/20191019115049/https://blog.mozilla.com.tw/?p=8275"
"8337","2016-01-06","Mozilla 向全球展現 Firefox OS 最新發展","ok","skipped","https://blog.mozilla.com.tw/?p=8337","https://web.archive.org/web/20191019121345/https://blog.mozilla.com.tw/?p=8337"
"8356","2016-01-14","為 Firefox OS 電視打造遊戲 (上)","ok","skipped","https://blog.mozilla.com.tw/?p=8356","https://web.archive.org/web/20191019122130/https://blog.mozilla.com.tw/?p=8356"
"8357","2016-01-18","為 Firefox OS 電視打造遊戲 (下)","ok","skipped","https://blog.mozilla.com.tw/?p=8357","https://web.archive.org/web/20191019130628/https://blog.mozilla.com.tw/?p=8357"
"8385","2016-02-23","32C3 戰報 – 混亂時區","ok","skipped","https://blog.mozilla.com.tw/?p=8385","https://web.archive.org/web/20191019125646/https://blog.mozilla.com.tw/?p=8385"
"8394","2016-01-25","Mozilla 開放源碼支援專案首波得獎名單","ok","skipped","https://blog.mozilla.com.tw/?p=8394","https://web.archive.org/web/20191212140948/https://blog.mozilla.com.tw/?p=8394"
"8415","2016-02-01","Mozilla 的 1 月份活動","ok","skipped","https://blog.mozilla.com.tw/?p=8415","https://web.archive.org/web/20191212140716/https://blog.mozilla.com.tw/?p=8415"
"8446","2016-02-03","Firefox 44 已加入 Web 推播功能","ok","skipped","https://blog.mozilla.com.tw/?p=8446","https://web.archive.org/web/20191113175626/https://blog.mozilla.com.tw/?p=8446"
"8453","2016-02-15","Mozilla 與 Caribou Digital 一同發佈全球應用程式經濟報告","ok","skipped","https://blog.mozilla.com.tw/?p=8453","https://web.archive.org/web/20191113180027/https://blog.mozilla.com.tw/?p=8453"
"8458","2016-02-25","Firefox OS「參與」之 2015 年度回顧 (上)","ok","skipped","https://blog.mozilla.com.tw/?p=8458","https://web.archive.org/web/20191019125430/https://blog.mozilla.com.tw/?p=8458"
"8473","2016-02-05","Firefox OS 2.6 版本與智慧型手機","ok","skipped","https://blog.mozilla.com.tw/?p=8473","https://web.archive.org/web/20190919102303/https://blog.mozilla.com.tw/?p=8473"
"8475","2016-02-05","連網裝置的下一步","ok","skipped","https://blog.mozilla.com.tw/?p=8475","https://web.archive.org/web/20191019115044/https://blog.mozilla.com.tw/?p=8475"
"8484","2016-02-17","淺談 Firefox 46 開發者工具","ok","skipped","https://blog.mozilla.com.tw/?p=8484","https://web.archive.org/web/20160806062926/https://blog.mozilla.com.tw/posts/8484/firefox-46-devtools"
"8490","2016-02-18","Trainspotting 系列文章：Firefox 44","ok","skipped","https://blog.mozilla.com.tw/?p=8490","https://web.archive.org/web/20160806060927/https://blog.mozilla.com.tw/posts/8490/trainspotting-44"
"8498","2016-03-18","HTML 5 遊戲開發系列影片","ok","skipped","https://blog.mozilla.com.tw/?p=8498","https://web.archive.org/web/20191113175605/https://blog.mozilla.com.tw/?p=8498"
"8503","2016-02-19","Firefox for iOS 可透過 3D Touch 達到更快速度與更多功能","ok","skipped","https://blog.mozilla.com.tw/?p=8503","https://web.archive.org/web/20160806060913/https://blog.mozilla.com.tw/posts/8503/firefox-for-ios-3d-touch"
"8520","2016-04-20","網際網路是全球公共資源","ok","skipped","https://blog.mozilla.com.tw/?p=8520","https://web.archive.org/web/20191113171218/https://blog.mozilla.com.tw/?p=8520"
"8527","2016-03-25","請透過 HTTPS 登入表單","ok","skipped","https://blog.mozilla.com.tw/?p=8527","https://web.archive.org/web/20160801094235/https://blog.mozilla.com.tw/posts/8527/https-login"
"8534","2016-03-02","請幫忙傳達：加不加密有所謂","ok","skipped","https://blog.mozilla.com.tw/?p=8534","https://web.archive.org/web/20190825001225/https://blog.mozilla.com.tw/posts/8534/encryption-matters"
"8538","2016-02-26","來談談加密與蘋果事件","ok","skipped","https://blog.mozilla.com.tw/?p=8538","https://web.archive.org/web/20190825003011/https://blog.mozilla.com.tw/posts/8538/apple-and-fbi"
"8546","2016-03-01","Firefox OS 搭載於 Panasonic 全新 Ultra HD TV 系列產品","ok","skipped","https://blog.mozilla.com.tw/?p=8546","https://web.archive.org/web/20191019115611/https://blog.mozilla.com.tw/?p=8546"
"8553","2016-03-29","介紹「DevTools Reload」附加元件","ok","skipped","https://blog.mozilla.com.tw/?p=8553","https://web.archive.org/web/20190825003756/https://blog.mozilla.com.tw/posts/8553/devtools-reload"
"8557","2016-03-02","連網裝置的創新消息：4 大專案邁步向前","ok","skipped","https://blog.mozilla.com.tw/?p=8557","https://web.archive.org/web/20191019130428/https://blog.mozilla.com.tw/?p=8557"
"8565","2016-03-04","與蘋果站上同一火線捍衛所有人的安全","ok","skipped","https://blog.mozilla.com.tw/?p=8565","https://web.archive.org/web/20190825001225/https://blog.mozilla.com.tw/posts/8565/stand-for-secure-with-apple"
"8581","2016-03-08","3 月 8 日國際婦女節：該是身體力行的時候了","ok","skipped","https://blog.mozilla.com.tw/?p=8581","https://web.archive.org/web/20190825001225/https://blog.mozilla.com.tw/posts/8581/march-8th"
"8591","2016-03-09","更新 Firefox Hello 測試版 (Beta) 的消息","ok","skipped","https://blog.mozilla.com.tw/?p=8591","https://web.archive.org/web/20190824005532/https://blog.mozilla.com.tw/posts/8591/firefox-hello-beta-2"
"8598","2016-03-10","Firefox for Android Beta 可離線顯示已快取的內容","ok","skipped","https://blog.mozilla.com.tw/?p=8598","https://web.archive.org/web/20190824005532/https://blog.mozilla.com.tw/posts/8598/firefox-for-a-beta-offline"
"8606","2016-03-11","Mozilla 引介安全、受信任網路的監控原則","ok","skipped","https://blog.mozilla.com.tw/?p=8606","https://web.archive.org/web/20190825003756/https://blog.mozilla.com.tw/posts/8606/moz-surveill-principle"
"8618","2016-03-14","Mozilla 的 A-Frame 為虛擬實境新網站 #360Syria 提供震撼效果","ok","skipped","https://blog.mozilla.com.tw/?p=8618","https://web.archive.org/web/20191113180504/https://blog.mozilla.com.tw/?p=8618"
"8623","2016-03-16","Mozilla 將 Web 推向遊戲平台新層次","ok","skipped","https://blog.mozilla.com.tw/?p=8623","https://web.archive.org/web/20191113171021/https://blog.mozilla.com.tw/?p=8623"
"8648","2016-03-22","Trainspotting 系列文章：Firefox 45","ok","skipped","https://blog.mozilla.com.tw/?p=8648","https://web.archive.org/web/20160730150716/https://blog.mozilla.com.tw/posts/8648/trainspotting-firefox-45"
"8657","2016-03-23","淺談 Firefox 47 開發者工具","ok","skipped","https://blog.mozilla.com.tw/?p=8657","https://web.archive.org/web/20160730090125/https://blog.mozilla.com.tw/posts/8657/developer-47"
"8676","2016-04-13","Web 內容的分析與偵測函式","ok","skipped","https://blog.mozilla.com.tw/?p=8676","https://web.archive.org/web/20191113172001/https://blog.mozilla.com.tw/?p=8676"
"8682","2016-03-30","共同主持美國商務部設立之數位經濟諮詢委員會","ok","skipped","https://blog.mozilla.com.tw/?p=8682","https://web.archive.org/web/20190825003756/https://blog.mozilla.com.tw/posts/8682/department-of-commerce"
"8686","2016-04-01","Firefox for iOS 新增了安全功能","ok","skipped","https://blog.mozilla.com.tw/?p=8686","https://web.archive.org/web/20190824005532/https://blog.mozilla.com.tw/posts/8686/firefox-ios-secure-feature"
"8696","2016-04-06","A-Frame 0.2.0：可擴充的 VR Web","ok","skipped","https://blog.mozilla.com.tw/?p=8696","https://web.archive.org/web/20191113181819/https://blog.mozilla.com.tw/?p=8696"
"8714","2016-04-15","Mozilla 支援開發的「Let’s Encrypt」結束測試階段","ok","skipped","https://blog.mozilla.com.tw/?p=8714","https://web.archive.org/web/20190825004550/https://blog.mozilla.com.tw/posts/8714/lets-encrypt-out-beta"
"8728","2016-04-18","Firefox Nightly 將開始測試 Widevine CDM","ok","skipped","https://blog.mozilla.com.tw/?p=8728","https://web.archive.org/web/20180130053755/https://blog.mozilla.com.tw/posts/8728/nightly-test-widevine-cdm"
"8738","2016-04-22","Firefox 繼續為 Ubuntu 預設的瀏覽器","ok","skipped","https://blog.mozilla.com.tw/?p=8738","https://web.archive.org/web/20190825004550/https://blog.mozilla.com.tw/posts/8738/firefox-default-ubuntu"
"8827","2016-07-14","參與當然也算是社群的一部分","ok","skipped","https://blog.mozilla.com.tw/?p=8827","https://web.archive.org/web/20190825003006/https://blog.mozilla.com.tw/posts/8827/participation-and-community"
"8832","2016-05-25","將獨立製作的 Unity 遊戲匯至 WebVR","ok","skipped","https://blog.mozilla.com.tw/?p=8832","https://web.archive.org/web/20191019130312/https://blog.mozilla.com.tw/?p=8832"
"8889","2016-06-29","Mozilla 透過 Codemoji 加密遊戲傳授加密的基本概念","ok","skipped","https://blog.mozilla.com.tw/?p=8889","https://web.archive.org/web/20191113181205/https://blog.mozilla.com.tw/?p=8889"
"8917","2016-07-07","為了 Web 學寫程式碼吧！","ok","skipped","https://blog.mozilla.com.tw/?p=8917","https://web.archive.org/web/20191019130549/https://blog.mozilla.com.tw/?p=8917"
"8925","2016-07-12","支援加州的公立教育以及 Web 素養活動","ok","skipped","https://blog.mozilla.com.tw/?p=8925","https://web.archive.org/web/20190825003006/https://blog.mozilla.com.tw/posts/8925/support-ca-web-literacy"
"8938","2016-07-26","讓 Web 為所有人運轉 (中)","ok","skipped","https://blog.mozilla.com.tw/?p=8938","https://web.archive.org/web/20160920094257/https://blog.mozilla.com.tw/posts/8938/web-works-for-all-2"
"8941","2016-08-01","讓 Web 為所有人運轉 (下)","ok","skipped","https://blog.mozilla.com.tw/?p=8941","https://web.archive.org/web/20191212130850/https://blog.mozilla.com.tw/?p=8941"
"8977","2016-07-27","Mozilla 釋出新版 Firefox for iOS 再度提升使用者經驗","ok","skipped","https://blog.mozilla.com.tw/?p=8977","https://web.archive.org/web/20191019120413/https://blog.mozilla.com.tw/?p=8977"
"9003","2016-08-03","Firefox 桌面版與行動版今天再添強化功能","ok","skipped","https://blog.mozilla.com.tw/?p=9003","https://web.archive.org/web/20200927091956/https://blog.mozilla.com.tw/?p=9003"
"9015","2016-08-09","Firefox 多程序後的下一步","ok","skipped","https://blog.mozilla.com.tw/?p=9015","https://web.archive.org/web/20200927092427/https://blog.mozilla.com.tw/?p=9015"
"9022","2016-08-11","淺談 Firefox 50 開發者工具","ok","skipped","https://blog.mozilla.com.tw/?p=9022","https://web.archive.org/web/20200927093044/https://blog.mozilla.com.tw/?p=9022"
"9035","2016-08-15","為大家精選 6 部有關加密的電影 (上)","ok","skipped","https://blog.mozilla.com.tw/?p=9035","https://web.archive.org/web/20191113174712/https://blog.mozilla.com.tw/?p=9035"
"9043","2016-08-22","為大家精選 6 部有關加密的電影 (下)","ok","skipped","https://blog.mozilla.com.tw/?p=9043","https://web.archive.org/web/20191113171051/https://blog.mozilla.com.tw/?p=9043"
"9050","2016-08-18","WebVR 1.0 已登上 Firefox Nightly","ok","skipped","https://blog.mozilla.com.tw/?p=9050","https://web.archive.org/web/20200927091503/https://blog.mozilla.com.tw/?p=9050"
"9063","2016-08-26","js13kGames：遊戲開發專屬的 Code Golf","ok","skipped","https://blog.mozilla.com.tw/?p=9063","https://web.archive.org/web/20191019123115/https://blog.mozilla.com.tw/?p=9063"
"9071","2016-09-13","將加密用於正軌的 5 位超級英雄","ok","skipped","https://blog.mozilla.com.tw/?p=9071","https://web.archive.org/web/20191113171015/https://blog.mozilla.com.tw/?p=9071"
"9085","2016-08-25","幾個 HTML 秘訣","ok","skipped","https://blog.mozilla.com.tw/?p=9085","https://web.archive.org/web/20191019130302/https://blog.mozilla.com.tw/?p=9085"
"9100","2016-08-29","歐盟的著作權法危害網路的創新與創意","ok","skipped","https://blog.mozilla.com.tw/?p=9100","https://web.archive.org/web/20191113171904/https://blog.mozilla.com.tw/?p=9100"
"9111","2016-09-05","透過 Mozilla 的「Push」傳送 VAPID 驗證過的 WebPush 通知","ok","skipped","https://blog.mozilla.com.tw/?p=9111","https://web.archive.org/web/20191113171043/https://blog.mozilla.com.tw/?p=9111"
"9120","2016-08-31","透過「Observatory」推動網路安全最佳實作","ok","skipped","https://blog.mozilla.com.tw/?p=9120","https://web.archive.org/web/20191113181724/https://blog.mozilla.com.tw/?p=9120"
"9128","2016-09-02","2016 年「View Source」會議在柏林","ok","skipped","https://blog.mozilla.com.tw/?p=9128","https://web.archive.org/web/20191212130706/https://blog.mozilla.com.tw/?p=9128"
"9138","2016-09-06","Firefox Nightly 現已實驗性的支援 HTC Vive","ok","skipped","https://blog.mozilla.com.tw/?p=9138","https://web.archive.org/web/20200927095331/https://blog.mozilla.com.tw/?p=9138"
"9153","2016-09-09","對保密命令的反擊","ok","skipped","https://blog.mozilla.com.tw/?p=9153","https://web.archive.org/web/20191212143725/https://blog.mozilla.com.tw/?p=9153"
"9166","2016-09-14","網路安全是共業","ok","skipped","https://blog.mozilla.com.tw/?p=9166","https://web.archive.org/web/20191212132003/https://blog.mozilla.com.tw/?p=9166"
"9175","2016-09-19","用有趣連結跳脫「圍牆花園」的囹圄","ok","skipped","https://blog.mozilla.com.tw/?p=9175","https://web.archive.org/web/20190919102212/https://blog.mozilla.com.tw/?p=9175"
"9188","2016-09-26","「FlyWeb」純正的 Web 跨裝置互動 (上)","ok","skipped","https://blog.mozilla.com.tw/?p=9188","https://web.archive.org/web/20191113173349/https://blog.mozilla.com.tw/?p=9188"
"9206","2016-09-21","最新版 Firefox 擴充支援多程序 (Multi-process)","ok","skipped","https://blog.mozilla.com.tw/?p=9206","https://web.archive.org/web/20200927094908/https://blog.mozilla.com.tw/?p=9206"
"9215","2016-09-29","「Progress in the making」現正製作中","ok","skipped","https://blog.mozilla.com.tw/?p=9215","https://web.archive.org/web/20200927092215/https://blog.mozilla.com.tw/?p=9215"
"9228","2016-10-03","介紹 debugger.html","ok","skipped","https://blog.mozilla.com.tw/?p=9228","https://web.archive.org/web/20200805164126/https://blog.mozilla.com.tw/?p=9228"
"9235","2016-10-05","Firefox 49 可修復以 WebKit 所設計的網站，還有更多","ok","skipped","https://blog.mozilla.com.tw/?p=9235","https://web.archive.org/web/20200927103944/https://blog.mozilla.com.tw/?p=9235"
"9242","2016-10-11","「測試領航員」專案釋出 3 項實驗功能","ok","skipped","https://blog.mozilla.com.tw/?p=9242","https://web.archive.org/web/20200927104454/https://blog.mozilla.com.tw/?p=9242"
"9246","2016-10-07","你該參與的 MozFest 系列講座","ok","skipped","https://blog.mozilla.com.tw/?p=9246","https://web.archive.org/web/20200927094258/https://blog.mozilla.com.tw/?p=9246"
"9271","2016-10-20","介紹「Open Innovation」工具組","ok","skipped","https://blog.mozilla.com.tw/?p=9271","https://web.archive.org/web/20200927090339/https://blog.mozilla.com.tw/?p=9271"
"9276","2016-10-13","Firefox Account 即將提供裝置管理功能","ok","skipped","https://blog.mozilla.com.tw/?p=9276","https://web.archive.org/web/20200927090948/https://blog.mozilla.com.tw/?p=9276"
"9286","2016-10-17","Maker Party 2016：為更好的網路挺身而出","ok","skipped","https://blog.mozilla.com.tw/?p=9286","https://web.archive.org/web/20200927093436/https://blog.mozilla.com.tw/?p=9286"
"9301","2016-10-24","請你來幫忙修正歐盟著作權法","ok","skipped","https://blog.mozilla.com.tw/?p=9301","https://web.archive.org/web/20200927110548/https://blog.mozilla.com.tw/?p=9301"
"9308","2016-10-18","為另外十億人帶來網際網路的能量","ok","skipped","https://blog.mozilla.com.tw/?p=9308","https://web.archive.org/web/20200927103645/https://blog.mozilla.com.tw/?p=9308"
"9335","2016-10-25","取消對 WoSign 與 StartCom 新簽發憑證的信任","ok","skipped","https://blog.mozilla.com.tw/?p=9335","https://web.archive.org/web/20200927092637/https://blog.mozilla.com.tw/?p=9335"
